Date,Close,Dividends,High,Low,Open,Stock Splits,Volume,RSI,Signal,pos,Returns,Strategy_Returns,Cumulative_Benchmark_Return,Cumulative_Return_Strategy
2024-03-01,178.2200012,0.0,178.7299957,176.0700073,176.75,0.0,31956200.0,87.63512547462949,-0.5,-0.5,0.008259825443703628,-0.004129912721851814,1.0082598254437036,0.9958700872781482
2024-03-04,177.5800018,0.0,180.1399994,177.4900055,177.5299988,0.0,37381500.0,82.26848672025407,-0.5,-0.5,-0.0035910638294845976,0.0017955319147422988,1.0046391000538304,0.9976582038027932
2024-03-05,174.1199951,0.0,176.9299927,173.3000031,176.9299927,0.0,37228300.0,47.98242836153658,0.0,-0.5,-0.019484213677938955,0.009742106838969478,0.9850644971591692,1.0073774966130142
2024-03-06,173.5099945,0.0,176.4600067,173.2599945,175.5399933,0.0,32090900.0,43.62064553803713,0.0,-0.5,-0.003503334580555628,0.001751667290277814,0.9816134866421938,1.0091420868227932
2024-03-07,176.8200073,0.0,177.9900055,173.7200012,174.8300018,0.0,34063300.0,57.13314100723716,0.0,-0.5,0.01907678465173368,-0.00953839232586684,1.0003395157381043,0.9995164936861334
2024-03-08,175.3500061,0.0,178.7899933,174.3300018,176.4400024,0.0,37853500.0,56.06166059438706,0.0,-0.5,-0.008313545635737496,0.004156772817868748,0.9920231475227841,1.0036712566780994
2024-03-11,171.9600067,0.0,174.4700012,171.4700012,174.3099976,0.0,28484800.0,46.6555300348577,0.0,-0.5,-0.019332758951070228,0.009666379475535114,0.9728446031378442,1.0133731239138373
2024-03-12,175.3899994,0.0,176.7599945,171.9799957,173.5,0.0,36610600.0,46.145206535259184,0.0,-0.5,0.01994645595695932,-0.00997322797847966,0.9922494051672988,1.0032665227217805
2024-03-13,176.5599976,0.0,177.6199951,175.5500031,175.8999939,0.0,30772600.0,45.251708935640714,0.0,-0.5,0.006670837584825229,-0.0033354187924126144,0.9988685397928092,0.9999202087080958
2024-03-14,178.75,0.0,179.5299988,176.4700012,177.6900024,0.0,43705800.0,53.07408654336993,0.0,-0.5,0.01240372921255628,-0.00620186460627814,1.0112582346793406,0.9937188389566068
2024-03-15,174.4199982,0.0,177.9299927,173.8999939,176.6399994,0.0,72115500.0,50.753776286433805,0.0,-0.5,-0.02422378629370625,0.012111893146853125,0.9867617313147177,1.0057546553520642
2024-03-18,174.4799957,0.0,176.6900024,174.2799988,175.8000031,0.0,31250700.0,52.506462269727166,0.0,-0.5,0.0003439829183531362,-0.0001719914591765681,0.9871011604947745,1.0055816741413166
2024-03-19,175.8999939,0.0,176.0899963,173.5200043,174.2200012,0.0,26880900.0,47.365366970461864,0.0,-0.5,0.008138458476589783,-0.004069229238294891,0.9951346423016548,1.0014897317914073
2024-03-20,178.1499939,0.0,178.5299988,174.6399994,176.1399994,0.0,29947200.0,57.67540927482844,0.0,-0.5,0.012791359170138072,-0.006395679585069036,1.0078637669339823,0.9950845243591327
2024-03-21,178.1499939,0.0,181.4199982,178.1499939,179.9900055,0.0,32824300.0,70.84172065233378,0.0,-0.5,0.0,-0.0,1.0078637669339823,0.9950845243591327
2024-03-22,178.8699951,0.0,179.2599945,176.75,177.75,0.0,27964100.0,64.3327672966616,0.0,-0.5,0.004041544904032746,-0.002020772452016373,1.0119370936051935,0.99307368496488
2024-03-25,179.7100067,0.0,180.9900055,177.2400055,178.0099945,0.0,29815500.0,63.336179981358654,0.0,-0.5,0.004696213020693563,-0.0023481065103467813,1.0166893657603049,0.9907418421799599
2024-03-26,178.3000031,0.0,180.4499969,177.9499969,180.1499939,0.0,29659000.0,47.96012541395182,0.0,-0.5,-0.007845993809091567,0.0039229969045457835,1.0087124272907804,0.9946285193600358
2024-03-27,179.8300018,0.0,180.0,177.3099976,179.8800049,0.0,33272600.0,82.86753644766844,-0.5,-0.5,0.008581035745366172,-0.004290517872683086,1.0173682246861577,0.9903610479210413
2024-03-28,180.3800049,0.0,181.6999969,179.2599945,180.1699982,0.0,38051600.0,83.83026434823392,-0.5,-0.5,0.0030584612939708045,-0.0015292306469854022,1.0204798060230762,0.9888465574549798
2024-04-01,180.9700012,0.0,183.0,179.9499969,180.7899933,0.0,29174500.0,82.1292647731251,-0.5,-0.5,0.003270852001179936,-0.001635426000589968,1.0238176444387705,0.987229372084324
2024-04-02,180.6900024,0.0,180.7899933,178.3800049,179.0700073,0.0,32611500.0,71.45272628742856,0.0,-0.5,-0.00154721112970857,0.000773605564854285,1.0222335823845028,0.9879930982203562
2024-04-03,182.4100037,0.0,182.8699951,179.8000031,179.8999939,0.0,31046600.0,77.87959200204867,0.0,-0.5,0.009519072871515988,-0.004759536435757994,1.0319642983469317,0.983290709071099
2024-04-04,180.0,0.0,185.1000061,180.0,184.0,0.0,41624300.0,56.05574934639237,0.0,-0.5,-0.013212014972400321,0.0066060074862001605,1.0183299705861895,0.9897863348563337
2024-04-05,185.0700073,0.0,186.2700043,181.9700012,182.3800049,0.0,42335200.0,69.7639953514046,0.0,-0.5,0.028166707222222254,-0.014083353611111127,1.0470129727233048,0.9758468239031063
2024-04-08,185.1900024,0.0,187.2899933,184.8099976,186.8999939,0.0,39221300.0,78.07659691998133,0.0,-0.5,0.0006483768048135552,-0.0003241884024067776,1.0476918316491575,0.9755304656802715
2024-04-09,185.6699982,0.0,187.3399963,184.1999969,187.2400055,0.0,36546900.0,76.02493614120044,0.0,-0.5,0.0025919098967515097,-0.0012959549483757549,1.0504073544763546,0.9742662221459818
2024-04-10,185.9499969,0.0,186.2700043,182.6699982,182.7700043,0.0,35879200.0,75.43376038729986,0.0,-0.5,0.001508044933023589,-0.0007540224665117945,1.0519914159648833,0.9735316035261201
2024-04-11,189.0500031,0.0,189.7700043,185.5099945,186.7400055,0.0,40020700.0,80.0148505076908,-0.5,-0.5,0.016671181778331157,-0.008335590889165578,1.069529356089678,0.9654166423614531
2024-04-12,186.1300049,0.0,188.3800049,185.0800018,187.7200012,0.0,38554300.0,66.89441108768284,0.0,-0.5,-0.01544563952456246,0.00772281976228123,1.0530097911945793,0.9728723810859172
2024-04-15,183.6199951,0.0,188.6900024,183.0,187.4299927,0.0,48052400.0,53.58197258401069,0.0,-0.5,-0.01348525081352947,0.006742625406764735,1.038809690051218,0.9794320951201667
2024-04-16,183.3200073,0.0,184.8300018,182.2599945,183.2700043,0.0,32891300.0,61.23141930348953,0.0,-0.5,-0.001633742555306461,0.0008168712776532305,1.0371125424537166,0.9802321650670821
2024-04-17,181.2799988,0.0,184.5700073,179.8200073,184.3099976,0.0,31359700.0,33.872304390269974,0.0,-0.5,-0.01112812796620477,0.005564063983102385,1.0255714213659357,0.9856862395518105
2024-04-18,179.2200012,0.0,182.3899994,178.6499939,181.4700012,0.0,30723800.0,28.195763087542716,1.0,1.0,-0.01136362319967077,0.005681811599835385,1.0139172141691823,0.991286723061494
2024-04-19,174.6300049,0.0,179.0,173.4400024,178.7400055,0.0,55950000.0,18.988788265144052,1.0,1.0,-0.025610960100808322,-0.025610960100808322,0.9879498208515727,0.9658989183487051
2024-04-22,177.2299957,0.0,178.8699951,174.5599976,176.9400024,0.0,37924900.0,28.330011727703365,1.0,1.0,0.01488856855663978,0.01488856855663978,1.0026589794898413,0.980279770613324
2024-04-23,179.5399933,0.0,179.9299927,175.9799957,178.0800018,0.0,37046500.0,25.40088879211531,1.0,1.0,0.013033897511966153,0.013033897511966153,1.0157275338679645,0.9930566366765519
2024-04-24,176.5899963,0.0,180.3200073,176.1799927,179.9400024,0.0,34185100.0,25.36152945547734,1.0,1.0,-0.016430862816568914,-0.016430862816568914,0.9990382540999682,0.9767398593102361
2024-04-25,173.6699982,0.0,173.9199982,166.3200073,169.6799927,0.0,49249400.0,24.83558387233117,1.0,1.0,-0.016535467247189573,-0.016535467247189573,0.9825186897706086,0.9605890093575872
2024-04-26,179.6199951,0.0,180.8200073,176.1300049,177.8000031,0.0,43919800.0,42.722237009767895,0.0,1.0,0.034260361384629734,0.034260361384629734,1.0161801351493025,0.9934991359602816
2024-04-29,180.9600067,0.0,183.5299988,179.3899994,182.75,0.0,54063900.0,49.35276641725426,0.0,1.0,0.007460258526641006,0.007460258526641006,1.0237611016671533,1.0009108963605398
2024-04-30,175.0,0.0,182.9900055,174.8000031,181.0899963,0.0,94639800.0,42.62752980795061,0.0,1.0,-0.032935491154576835,-0.032935491154576835,0.9900430269587949,0.9679454043869377
2024-05-01,179.0,0.0,185.1499939,176.5599976,181.6399994,0.0,94645100.0,57.795211027026,0.0,1.0,0.02285714285714291,0.02285714285714291,1.0126725818607103,0.9900698707729249
2024-05-02,184.7200012,0.0,185.1000061,179.9100037,180.8500061,0.0,54303500.0,62.022477224585565,0.0,1.0,0.03195531396648055,0.03195531396648055,1.0450328521593157,1.0217078643422264
2024-05-03,186.2100067,0.0,187.8699951,185.4199982,186.9900055,0.0,39172000.0,60.99572974031647,0.0,1.0,0.00806629217367072,0.00806629217367072,1.0534623924759172,1.029949258492148
2024-05-06,188.6999969,0.0,188.75,184.8000031,186.2799988,0.0,34725300.0,70.27116917234208,0.0,1.0,0.01337194624567939,0.01337194624567939,1.06754923495995,1.0437216846124822
2024-05-07,188.7599945,0.0,189.9400024,187.3099976,188.9199982,0.0,34048900.0,77.93408159855834,0.0,1.0,0.0003179523104697157,0.0003179523104697157,1.0678886647057457,1.044053538333592
2024-05-08,188.0,0.0,188.4299927,186.3899994,187.4400024,0.0,26136400.0,69.20257125416438,0.0,1.0,-0.004026247733335264,-0.004026247733335264,1.0635890803900199,1.0398499201413958
2024-05-09,189.5,0.0,191.6999969,187.4400024,188.8800049,0.0,43368400.0,69.42674014920112,0.0,1.0,0.007978723404255428,0.007978723404255428,1.0720751634782382,1.048146595036141
2024-05-10,187.4799957,0.0,189.8899994,186.9299927,189.1600037,0.0,34141800.0,84.58980136829247,-0.5,-0.5,-0.010659653298153104,-0.010659653298153104,1.0606472139259993,1.0369737157274161
2024-05-13,186.5700073,0.0,188.3099976,185.3600006,188.0,0.0,24898600.0,75.31778115418994,0.0,-0.5,-0.004853789315507284,0.002426894657753642,1.0554990558115227,1.039490341698346
2024-05-14,187.0700073,0.0,187.7200012,183.4499969,183.8200073,0.0,38698200.0,62.07610898607018,0.0,-0.5,0.002679959159759271,-0.0013399795798796355,1.058327750174262,1.0380974458669883
2024-05-15,185.9900055,0.0,186.7200012,182.7299957,185.9700012,0.0,75459900.0,48.819733109308125,0.0,-0.5,-0.005773249360428001,0.0028866246802140005,1.0522177601674454,1.041094043574695
2024-05-16,183.6300049,0.0,187.3099976,183.4600067,185.6000061,0.0,38834500.0,22.415674309325183,1.0,1.0,-0.012688857090226824,0.006344428545113412,1.038866319380882,1.0476991903428978
2024-05-17,184.6999969,0.0,185.3000031,183.3500061,183.7599945,0.0,33175700.0,30.098015076411713,0.0,1.0,0.00582689087539201,0.00582689087539201,1.0449196800580345,1.0538040191952625
2024-05-20,183.5399933,0.0,186.6699982,183.2799988,184.3399963,0.0,30511800.0,28.962214087303934,1.0,1.0,-0.006280474388031809,-0.006280474388031809,1.0383570887698796,1.0471856300427016
2024-05-21,183.1499939,0.0,183.2599945,180.75,182.3000031,0.0,50839100.0,16.54366320010871,1.0,1.0,-0.0021248742194434067,-0.0021248742194434067,1.0361507105613763,1.0449604922944522
2024-05-22,183.1300049,0.0,185.2200012,181.9700012,183.8800049,0.0,28148800.0,20.96124542144412,1.0,1.0,-0.00010914005277506966,-0.00010914005277506966,1.0360376250181427,1.0448464452511754
2024-05-23,181.0500031,0.0,184.7599945,180.0800018,183.6600037,0.0,33670200.0,18.1292625763044,1.0,1.0,-0.011358061182468737,-0.011358061182468737,1.024270246285847,1.0329790153997276
2024-05-24,180.75,0.0,182.4400024,180.3000031,181.6499939,0.0,27434100.0,12.647672579744025,1.0,1.0,-0.0016570179224703052,-0.0016570179224703052,1.0225730121302983,1.0312673506576746
2024-05-28,182.1499939,0.0,182.2400055,179.4900055,179.9299927,0.0,29927000.0,28.132011044291374,1.0,1.0,0.0077454710926694315,0.0077454710926694315,1.0304933218358974,1.0392550021110074
2024-05-29,182.0200043,0.0,184.0800018,181.5500031,181.6999969,0.0,32009300.0,37.70986729193442,0.0,1.0,-0.0007136404301575361,-0.0007136404301575361,1.029757920138428,1.0385133477242576
2024-05-30,179.3200073,0.0,181.3399963,178.3600006,181.3099976,0.0,29249200.0,17.11488713725636,1.0,1.0,-0.014833517944269348,-0.014833517944269348,1.014482987551801,1.0231085413454266
2024-05-31,176.4400024,0.0,179.2100067,173.8699951,178.3000031,0.0,58903900.0,14.141382949509463,1.0,1.0,-0.016060700327664934,-0.016060700327664934,0.9981896803012174,1.0066767016602034
2024-06-03,178.3399963,0.0,178.6999969,175.9199982,177.6999969,0.0,30786600.0,28.92195925375725,1.0,1.0,0.010768498493287204,0.010768498493287204,1.0089386843695558,1.0175170982052586
2024-06-04,179.3399963,0.0,179.8200073,176.4400024,177.6399994,0.0,27198400.0,34.70535337504593,0.0,1.0,0.005607267134388749,0.005607267134388749,1.0145960730950347,1.0232225883887036
2024-06-05,181.2799988,0.0,181.5,178.75,180.1000061,0.0,32116400.0,50.93875911302131,0.0,1.0,0.010817455893969985,0.010817455893969985,1.0255714213659355,1.0342912536083122
2024-06-06,185.0,0.0,185.0,181.4900055,181.75,0.0,31371200.0,63.56095918860609,0.0,1.0,0.020520748149960966,0.020520748149960966,1.0466169142135833,1.0555156839373159
2024-06-07,184.3000031,0.0,186.2899933,183.3600006,184.8999939,0.0,28021500.0,57.181066164941974,0.0,1.0,-0.003783767027026985,-0.003783767027026985,1.0426567596436531,1.051521858495924
2024-06-10,187.0599976,0.0,187.2299957,183.7899933,184.0700073,0.0,34494500.0,64.31817018431212,0.0,1.0,0.014975553193574465,0.014975553193574465,1.0582711214103366,1.067268980022036
2024-06-11,187.2299957,0.0,187.7700043,184.5399933,187.0599976,0.0,27265100.0,76.24416920320894,0.0,1.0,0.0009087891702186379,0.0009087891702186379,1.0592328667446296,1.0682389025127903
2024-06-12,186.8899994,0.0,188.3500061,185.4299927,188.0200043,0.0,33984200.0,91.69996345938017,-0.5,-0.5,-0.0018159285787987534,-0.0018159285787987534,1.0573093755103051,1.0662990569607327
2024-06-13,183.8300018,0.0,187.6699982,182.6699982,186.0899963,0.0,39721500.0,70.0511711909472,0.0,-0.5,-0.016373254908362944,0.008186627454181472,1.0399977795880728,1.0750284500948153
2024-06-14,183.6600037,0.0,183.7200012,182.2299957,183.0800018,0.0,25456400.0,66.79631559347081,0.0,-0.5,-0.0009247571034947111,0.00046237855174735554,1.03903603425378,1.0755255201926575
2024-06-17,184.0599976,0.0,185.0,181.2200012,182.5200043,0.0,35601900.0,62.27917202144902,0.0,-0.5,0.002177904235771244,-0.001088952117885622,1.0412989552339003,1.0743543243996037
2024-06-18,182.8099976,0.0,184.2899933,181.4299927,183.7400055,0.0,36659200.0,37.62707068879515,0.0,-0.5,-0.006791263806905534,0.003395631903452767,1.0342272193270516,1.0780024362191474
2024-06-20,186.1000061,0.0,186.5099945,182.7200012,182.9100037,0.0,44726800.0,57.86715491492313,0.0,-0.5,0.017996874039672317,-0.008998437019836159,1.0528400763216812,1.0683020991895995
2024-06-21,189.0800018,0.0,189.2799988,185.8600006,187.8000031,0.0,72931800.0,58.66211939674776,0.0,-0.5,0.016012872661587574,-0.008006436330793787,1.0696990703968363,1.0597488064503846
2024-06-24,185.5700073,0.0,191.0,185.3300018,189.3300018,0.0,50610400.0,44.466699650106726,0.0,-0.5,-0.01856354171031116,0.00928177085515558,1.0498416670860435,1.0695851520358817
2024-06-25,186.3399963,0.0,188.8399963,185.4199982,186.8099976,0.0,45898500.0,48.21774494518704,0.0,-0.5,0.004149318153311432,-0.002074659076655716,1.0541977941733864,1.0673661274919541
2024-06-26,193.6100006,0.0,194.8000031,186.2599945,186.9199982,0.0,65103900.0,74.8981842317225,0.0,-0.5,0.039014728154741274,-0.019507364077370637,1.095327034534389,1.0465446278391153
2024-06-27,197.8500061,0.0,199.8399963,194.1999969,195.0099945,0.0,74397500.0,79.9240985779548,0.0,-0.5,0.0218997236034304,-0.0109498618017152,1.1193143938460572,1.0350851087949495
2024-06-28,193.25,0.0,198.8500061,192.5,197.7299957,0.0,76930200.0,66.4636352804637,0.0,-0.5,-0.02324996693543191,0.011624983467715955,1.0932903711987834,1.0471179560723698
2024-07-01,197.1999969,0.0,198.3000031,192.8200073,193.4900055,0.0,41192000.0,73.50538886600788,0.0,-0.5,0.02043982871927552,-0.01021991435963776,1.1156370391265196,1.0364165002368713
2024-07-02,200.0,0.0,200.4299927,195.9299927,197.2799988,0.0,45600000.0,73.07436281560152,0.0,-0.5,0.014198798904747845,-0.007099399452373922,1.1314777450957654,1.0290585655026583
2024-07-03,197.5899963,0.0,200.0299988,196.7599945,199.9400024,0.0,31597900.0,64.39931236245727,0.0,-0.5,-0.012050018499999982,0.006025009249999991,1.1178434173350231,1.0352586528786036
2024-07-05,200.0,0.0,200.5500031,198.1699982,198.6499939,0.0,39858900.0,75.36025739924591,0.0,-0.5,0.012196992485089764,-0.006098496242544882,1.1314777450957654,1.0289451318739613
2024-07-08,199.2899933,0.0,201.1999969,197.9600067,200.0399933,0.0,34767300.0,72.80729713712009,0.0,-0.5,-0.0035500335000000494,0.0017750167500000247,1.1274609611961708,1.0307715267178685
2024-07-09,199.3399963,0.0,200.5700073,199.0500031,199.3999939,0.0,32700100.0,63.53327333699707,0.0,-0.5,0.0002509057237245482,-0.0001254528618622741,1.1277438476046109,1.0306422134799156
2024-07-10,199.7899933,0.0,200.1100006,197.6900024,200.0,0.0,32883800.0,55.581084419886615,0.0,-0.5,0.0022574345758628045,-0.0011287172879314022,1.1302896555589101,1.029478909795889
2024-07-11,195.0500031,0.0,200.2700043,192.8600006,200.0899963,0.0,44565000.0,55.13699388509227,0.0,-0.5,-0.023724862900828758,0.011862431450414379,1.10347368844255,1.04169103279299
2024-07-12,194.4900055,0.0,196.4700012,193.8300018,194.8000031,0.0,30598500.0,40.41050799116287,0.0,-0.5,-0.0028710463527288343,0.0014355231763644172,1.1003055643340147,1.0431864044131753
2024-07-15,192.7200012,0.0,196.1900024,190.8300018,194.5599976,0.0,40683200.0,22.213758187551804,1.0,1.0,-0.00910074682475126,0.00455037341237563,1.0902919619631457,1.0479332920919688
2024-07-16,193.0200043,0.0,196.6199951,192.2400055,195.5899963,0.0,33994700.0,29.208418235622545,1.0,1.0,0.0015566785913863068,0.0015566785913863068,1.0919891961186943,1.0495645874129693
2024-07-17,187.9299927,0.0,191.5800018,185.9900055,191.3500061,0.0,48076100.0,5.852248060714643,1.0,1.0,-0.026370383828656863,-0.026370383828656863,1.0631930218802979,1.0218871663899234
2024-07-18,183.75,0.0,189.6799927,181.4499969,189.5899963,0.0,51043600.0,4.667462796382566,1.0,1.0,-0.022242286289409385,-0.022242286289409385,1.039545178306734,0.9991580594796053
2024-07-19,183.1300049,0.0,184.9299927,180.1100006,181.1399994,0.0,43081800.0,4.234898112352099,1.0,1.0,-0.0033741229931973926,-0.0033741229931973926,1.0360376250181418,0.9957867772972767
2024-07-22,182.5500031,0.0,185.0599976,182.4799957,185.0,0.0,39931900.0,1.6816320657247559,1.0,1.0,-0.003167158764161626,-0.003167158764161626,1.0327563293740645,0.9926329624783233
2024-07-23,186.4100037,0.0,189.3899994,183.5599976,184.1000061,0.0,47537700.0,24.528313867207743,1.0,1.0,0.021144894738158504,0.021144894738158504,1.054593853248846,1.013622081983554
2024-07-24,180.8300018,0.0,185.4499969,180.4100037,183.1999969,0.0,41532400.0,18.926303908229556,1.0,1.0,-0.029934026013862525,-0.029934026013862525,1.0230256134116353,0.9832802922132328
2024-07-25,179.8500061,0.0,183.8999939,176.8000031,182.9100037,0.0,44464200.0,19.631916984639076,1.0,1.0,-0.005419430903307099,-0.005419430903307099,1.0174813967874377,0.9779514726109996
2024-07-26,182.5,0.0,183.1900024,180.2400055,180.3899994,0.0,29506000.0,27.655039730953362,1.0,1.0,0.014734466556128645,0.014734466556128645,1.0324734423998851,0.9923610658777031
2024-07-29,183.1999969,0.0,184.75,182.3800049,183.8399963,0.0,33270100.0,37.65012771188578,0.0,1.0,0.0038355994520549164,0.0038355994520549164,1.0364335969698153,0.9961673654382243
2024-07-30,181.7100067,0.0,185.8600006,179.3800049,184.7200012,0.0,39508600.0,43.80317052616849,0.0,1.0,-0.008133134417099952,-0.008133134417099952,1.0280041432112614,0.9880654023531869
2024-07-31,186.9799957,0.0,187.9400024,184.4600067,185.0500031,0.0,41667300.0,59.118892161036,0.0,1.0,0.02900219473713772,0.02900219473713772,1.0578185195632588,1.0167214675652623
2024-08-01,184.0700073,0.0,190.6000061,181.8699951,189.2899933,0.0,70435600.0,53.24233577964072,0.0,1.0,-0.015563100154676102,-0.015563100154676102,1.0413555839978246,1.0008981295361348
2024-08-02,167.8999939,0.0,168.7700043,160.5500031,166.75,0.0,141448400.0,24.111852246248617,1.0,1.0,-0.08784708403713959,-0.08784708403713959,0.9498755324978231,0.9129721474381581
2024-08-05,161.0200043,0.0,162.9600067,151.6100006,154.2100067,0.0,83149400.0,23.26582936802879,1.0,1.0,-0.0409767114351276,-0.0409767114351276,0.9109527569033716,0.8755615512042759
2024-08-06,161.9299927,0.0,165.0800018,158.5399933,161.7100067,0.0,59950800.0,25.770635848169363,1.0,1.0,0.005651399675189239,0.005651399675189239,0.9161009150178481,0.88050969947036
2024-08-07,162.7700043,0.0,167.5800018,161.4299927,166.5500031,0.0,48408200.0,21.950506209095565,1.0,1.0,0.005187498535593971,0.005187498535593971,0.9208531871729595,0.8850773422469387
2024-08-08,165.8000031,0.0,166.6900024,162.5500031,165.1699982,0.0,44616200.0,26.79998933488619,1.0,1.0,0.018615216071478535,0.018615216071478535,0.9379950682222938,0.9015532482128354
2024-08-09,166.9400024,0.0,168.5500031,165.8500061,166.3999939,0.0,36401000.0,30.12111325921498,0.0,1.0,0.0068757495698743565,0.0068757495698743565,0.9444444874091675,0.9077521025714537
2024-08-12,166.8000031,0.0,168.5500031,166.1100006,168.1399994,0.0,30072800.0,18.488445254709404,1.0,1.0,-0.0008386204503851857,-0.0008386204503851857,0.9436524569477727,0.9069908430943571
2024-08-13,170.2299957,0.0,171.0399933,167.1000061,167.8099976,0.0,39237900.0,28.733843611368087,1.0,1.0,0.020563504413987577,0.020563504413987577,0.9630572584114884,0.9256417532997742
2024-08-14,170.1000061,0.0,172.2799988,168.8600006,172.1100006,0.0,28843800.0,56.66671607815286,0.0,1.0,-0.0007636116036158214,-0.0007636116036158214,0.9623218567140189,0.9249349225161632
2024-08-15,177.5899963,0.0,177.9100037,173.9900055,174.8600006,0.0,51698500.0,98.42203753751006,-0.5,-0.5,0.04403286261845696,0.04403286261845696,1.0046956428254457,0.9656624548903305
2024-08-16,177.0599976,0.0,178.3399963,176.2599945,177.0399933,0.0,31489200.0,95.21823937637721,-0.5,-0.5,-0.0029843950168492173,0.0014921975084246086,1.0016972341555472,0.9671034139994971
2024-08-19,178.2200012,0.0,178.3000031,176.1600037,177.6399994,0.0,31129800.0,95.30798293351785,-0.5,-0.5,0.006551471906266482,-0.003275735953133241,1.008259825443702,0.9639354385758611
2024-08-20,178.8800049,0.0,179.0099945,177.4299927,177.9199982,0.0,26255200.0,94.55048464478938,-0.5,-0.5,0.00370330880684544,-0.00185165440342272,1.0119937229348561,0.9621505632764068
2024-08-21,180.1100006,0.0,182.3899994,178.8899994,179.9199982,0.0,35599100.0,94.58368963104124,-0.5,-0.5,0.0068760938411625006,-0.0034380469205812503,1.0189522867404235,0.9588426444951988
2024-08-22,176.1300049,0.0,181.4700012,175.6799927,181.3800049,0.0,32047500.0,75.0672137006878,0.0,-0.5,-0.022097583070020965,0.011048791535010483,0.9964359039397892,0.9694366969891046
2024-08-23,177.0399933,0.0,178.9700012,175.2400055,177.3399963,0.0,29150100.0,71.16225033713374,0.0,-0.5,0.005166572274364345,-0.0025832861371821725,1.0015840620542658,0.966932364608897
2024-08-26,175.5,0.0,177.4700012,174.3000031,176.6999969,0.0,22366200.0,65.42858106314833,0.0,-0.5,-0.008698561671262706,0.004349280835631353,0.9928717213215329,0.9711378250116421
2024-08-27,173.1199951,0.0,174.8899994,172.25,174.1499939,0.0,29842000.0,31.961230940607493,0.0,-0.5,-0.013561281481481391,0.0067806407407406954,0.9794071084336886,0.9777227617127904
2024-08-28,170.8000031,0.0,173.6900024,168.9199982,173.6900024,0.0,29045000.0,27.92664131963447,1.0,1.0,-0.01340106322588508,0.00670053161294254,0.9662820118496874,0.9842740239863403
2024-08-29,172.1199951,0.0,174.2899933,170.8099976,173.2200012,0.0,26407800.0,28.730750728156607,1.0,1.0,0.0077282902578590384,0.0077282902578590384,0.9737497197082098,0.9918807793369777
2024-08-30,178.5,0.0,178.8999939,172.6000061,172.7799988,0.0,43429400.0,49.052827697375626,0.0,1.0,0.037067191968563895,0.037067191968563895,1.0098438874979694,1.0286470145945903
2024-09-03,176.25,0.0,178.2599945,175.2599945,177.5500031,0.0,37817500.0,40.84438834372431,0.0,1.0,-0.012605042016806678,-0.012605042016806678,0.997114762865642,1.0156808757551627
2024-09-04,173.3300018,0.0,175.9799957,172.5399933,174.4799957,0.0,30309200.0,43.006976076376894,0.0,1.0,-0.016567365673758938,-0.016567365673758938,0.9805951979705435,0.9988537192786833
2024-09-05,177.8899994,0.0,179.8800049,175.0,175.0,0.0,40170500.0,51.795535938412684,0.0,1.0,0.026308184114955724,0.026308184114955724,1.006392876980994,1.0251317468293752
2024-09-06,171.3899994,0.0,178.3800049,171.1600037,177.2400055,0.0,41466500.0,42.82221080393763,0.0,1.0,-0.03653943460522602,-0.03653943460522602,0.9696198502653817,0.9876740124043621
2024-09-09,175.3999939,0.0,175.8500061,173.5099945,174.5299988,0.0,29037400.0,53.76735024183313,0.0,1.0,0.0233968989674902,0.0233968989674902,0.9923059479389138,1.0107825214854027
2024-09-10,179.5500031,0.0,180.5,176.7899933,177.4900055,0.0,36233800.0,63.63353222280489,0.0,1.0,0.023660258519541566,0.023660258519541566,1.0157841631976272,1.0346978972507814
2024-09-11,184.5200043,0.0,184.9900055,175.7299957,180.1000061,0.0,42564700.0,67.34751994404057,0.0,1.0,0.027680318096302114,0.027680318096302114,1.0439013919521236,1.063338664180258
2024-09-12,187.0,0.0,187.4100037,183.5399933,184.8000031,0.0,33622500.0,63.347991457352094,0.0,1.0,0.013440253859781537,0.013440253859781537,1.0579316916645394,1.0776302057657616
2024-09-13,186.4900055,0.0,188.5,185.9100037,187.0,0.0,26495400.0,67.00998105439265,0.0,1.0,-0.002727243315507999,-0.002727243315507999,1.0550464545301832,1.0746912459904974
2024-09-16,184.8899994,0.0,185.8099976,183.3600006,185.2899933,0.0,26065500.0,70.08338790979842,0.0,1.0,-0.008579580957758126,-0.008579580957758126,1.045994598059346,1.0654708454409278
2024-09-17,186.8800049,0.0,189.4499969,186.1399994,186.8500061,0.0,26091700.0,67.14994887606342,0.0,1.0,0.010763186253761159,0.010763186253761159,1.0572528327386868,1.0769387065983609
2024-09-18,186.4299927,0.0,188.8000031,185.0599976,186.4499969,0.0,34448100.0,87.30153571086981,-0.5,-0.5,-0.0024080275481627167,-0.0024080275481627167,1.0547069387920789,1.0743454085251893
2024-09-19,189.8699951,0.0,190.9900055,188.4700012,190.0399933,0.0,39543200.0,86.93206075299784,-0.5,-0.5,0.018451979481303615,-0.009225989740651808,1.074168369585459,1.0644335088082195
2024-09-20,191.6000061,0.0,191.8399963,187.4100037,190.2299957,0.0,100378600.0,85.09022401581376,-0.5,-0.5,0.009111555509804692,-0.004555777754902346,1.0839557143118133,1.0595841863072184
2024-09-23,193.8800049,0.0,194.4499969,190.5700073,191.6399994,0.0,36993100.0,82.32038557596978,-0.5,-0.5,0.011899784589829432,-0.005949892294914716,1.0968545538170384,1.0532797745212956
2024-09-24,193.9600067,0.0,195.3699951,190.1300049,194.2700043,0.0,43478900.0,78.8078977186969,0.0,-0.5,0.0004126356404894338,-0.0002063178202447169,1.0973071550983764,1.0530624641341086
2024-09-25,192.5299988,0.0,193.9499969,192.1600037,193.75,0.0,26391100.0,73.23066179232089,0.0,-0.5,-0.007372694630866983,0.0036863473154334914,1.0892170445275706,1.056944418121753
2024-09-26,191.1600037,0.0,194.5299988,189.5399933,194.3099976,0.0,36334900.0,74.54967604280367,0.0,-0.5,-0.007115748758836915,0.0035578743794184575,1.0814664496948696,1.060704893587458
2024-09-27,187.9700012,0.0,190.8999939,187.3399963,190.6799927,0.0,36002300.0,53.90119479520439,0.0,-0.5,-0.01668760430140126,0.00834380215070063,1.0634193655171202,1.0695552053598314
2024-09-30,186.3300018,0.0,188.4900055,184.6499939,187.1399994,0.0,41583900.0,49.67021511828476,0.0,-0.5,-0.008724793262383734,0.004362396631191867,1.054141251401768,1.0742210293845669
2024-10-01,185.1300049,0.0,186.1900024,183.4499969,184.8999939,0.0,36044900.0,31.65640369805452,0.0,-0.5,-0.006440170066053241,0.0032200850330266206,1.0473524024690986,1.0776801124434505
2024-10-02,184.7599945,0.0,186.6000061,184.0399933,184.4400024,0.0,23704100.0,20.4152074973194,1.0,1.0,-0.001998651705323762,0.000999325852661881,1.0452591098038289,1.0787570660407149
2024-10-03,181.9600067,0.0,183.4400024,180.8800049,183.0500031,0.0,30204300.0,0.6622664575656074,1.0,1.0,-0.015154729829784608,-0.015154729829784608,1.0294184903926307,1.0624087941528968
2024-10-04,186.5099945,0.0,187.6000061,183.6000061,185.75,0.0,40890300.0,27.492393678864573,1.0,1.0,0.025005427744908992,0.025005427744908992,1.0551595400734168,1.088974780490643
2024-10-07,180.8000031,0.0,183.6000061,180.25,182.9499969,0.0,42364200.0,21.843466485358306,1.0,1.0,-0.03061493522268055,-0.03061493522268055,1.0228558991044758,1.055635888126789
2024-10-08,182.7200012,0.0,183.0899963,180.9199982,181.9199982,0.0,26372100.0,30.26189746054986,0.0,1.0,0.010619458335617837,0.010619458335617837,1.0337180747083567,1.0668461694583344
2024-10-09,185.1699982,0.0,185.8500061,182.0500031,182.8200073,0.0,26343100.0,43.21703674113239,0.0,1.0,0.013408477363779703,0.013408477363779703,1.0475786601136137,1.0811509521721516
2024-10-10,186.6499939,0.0,188.1300049,185.8300018,187.1300049,0.0,27785000.0,50.78123204220575,0.0,1.0,0.007992632253533083,0.007992632253533083,1.0559515711005507,1.0897921941434208
2024-10-11,188.8200073,0.0,189.9299927,186.3000031,186.6300049,0.0,25751600.0,58.601411571985636,0.0,1.0,0.011626110211193419,0.011626110211193419,1.0682281804438485,1.1024622382998304
2024-10-14,187.5399933,0.0,189.8300018,187.3600006,189.7799988,0.0,22614400.0,56.21645938992062,0.0,1.0,-0.006779016791193526,-0.006779016791193526,1.0609866436717936,1.094988628274739
2024-10-15,187.6900024,0.0,188.4100037,184.5800018,187.6300049,0.0,32178900.0,64.5357529409425,0.0,1.0,0.0007998779212925466,0.0007998779212925466,1.061835303462853,1.0958644855025623
2024-10-16,186.8899994,0.0,187.7799988,185.6100006,187.0500031,0.0,23456800.0,51.19048992013883,0.0,1.0,-0.004262363417179005,-0.004262363417179005,1.0573093755103038,1.0911935128093706
2024-10-17,187.5299988,0.0,188.9400024,186.0,188.2200012,0.0,25039400.0,80.89980415161587,-0.5,-0.5,0.003424471090238468,0.003424471090238468,1.0609301009001768,1.094930273447842
2024-10-18,188.9900055,0.0,190.7400055,186.2799988,187.1499939,0.0,37417700.0,80.0574365998209,-0.5,-0.5,0.007785456776742583,-0.0038927283883712915,1.0691899263438802,1.0906680072891046
2024-10-21,189.0700073,0.0,189.4600067,186.3999939,188.0500031,0.0,24639400.0,74.1934754592869,0.0,-0.5,0.00042331233224923714,-0.00021165616612461857,1.0696425276252182,1.090437160680167
2024-10-22,189.6999969,0.0,191.5200043,186.9799957,188.3500061,0.0,29650600.0,71.15109117235866,0.0,-0.5,0.0033320440877775415,-0.0016660220438887707,1.0732066236854272,1.0886204683329983
2024-10-23,184.7100067,0.0,189.1600037,183.6900024,188.8500061,0.0,31937100.0,29.511490799383736,1.0,1.0,-0.026304640387687872,0.013152320193843936,1.0449763093876974,1.1029383533020862
2024-10-24,186.3800049,0.0,187.1100006,183.8600006,185.25,0.0,21647400.0,44.433835780434194,0.0,1.0,0.009041189645520031,0.009041189645520031,1.0544241383759472,1.112910228121608
2024-10-25,187.8300018,0.0,190.4499969,187.5299988,187.8500061,0.0,29362100.0,50.59726778504474,0.0,1.0,0.007779787862855603,0.007779787862855603,1.0626273344899864,1.1215684336067961
2024-10-28,188.3899994,0.0,190.2100067,188.2100067,189.5700073,0.0,27930800.0,56.53311219545058,0.0,1.0,0.002981406562495126,0.002981406562495126,1.0657954585985214,1.1249122850950388
2024-10-29,190.8300018,0.0,191.4600067,187.8200073,188.5800018,0.0,35690200.0,62.42472561750797,0.0,1.0,0.012951867974792197,0.012951867974792197,1.0795995006664225,1.1394820004948116
2024-10-30,192.7299957,0.0,195.6100006,192.4199982,194.6999969,0.0,37707600.0,63.62973109790018,0.0,1.0,0.009956473730956095,0.009956473730956095,1.090348504734761,1.1508272230996355
2024-10-31,186.3999939,0.0,190.6000061,185.2299957,190.5099945,0.0,75146800.0,43.314929064810364,0.0,1.0,-0.03284388492309809,-0.03284388492309809,1.0545372239191804,1.1130295862177826
2024-11-01,197.9299927,0.0,200.5,197.0200043,199.0,0.0,99687800.0,63.33009586061785,0.0,1.0,0.06185621876246228,0.06185621876246228,1.1197669091350848,1.1818773877919626
2024-11-04,195.7799988,0.0,197.3300018,194.3099976,196.4499969,0.0,38492100.0,69.74669749428148,0.0,1.0,-0.010862395691888627,-0.010862395691888627,1.1076035578853765,1.1690393679464706
2024-11-05,199.5,0.0,199.8200073,195.9900055,196.0399933,0.0,30564800.0,71.80851227917117,0.0,1.0,0.019000925645117572,0.019000925645117572,1.1286490507330242,1.1912521980530366
2024-11-06,207.0899963,0.0,207.5500031,199.1399994,200.0099945,0.0,72292200.0,76.58752346280536,0.0,1.0,0.038045094235588994,0.038045094235588994,1.1715886102270703,1.236573500186317
2024-11-07,210.0500031,0.0,212.25,207.1900024,207.4400024,0.0,52878400.0,78.04247339061845,0.0,1.0,0.014293335520234374,0.014293335520234374,1.188334519324731,1.2542482601199105
2024-11-08,208.1799927,0.0,209.9600067,207.4400024,209.7200012,0.0,36075800.0,72.79893493469285,0.0,1.0,-0.008902691608672408,-0.008902691608672408,1.177755143571243,1.243082074659349
2024-11-11,206.8399963,0.0,209.6499939,205.5899963,208.5,0.0,35456000.0,68.81834954820451,0.0,1.0,-0.006436720371736371,-0.006436720371736371,1.1701742630457006,1.2350807029456488
2024-11-12,208.9100037,0.0,209.5399933,206.0099945,208.3699951,0.0,38942900.0,83.87000031865479,-0.5,-0.5,0.010007771403155896,0.010007771403155896,1.1818850995721184,1.247441108285178
2024-11-13,214.1000061,0.0,215.0899963,209.1399994,209.3999939,0.0,46212900.0,80.06694774805199,-0.5,-0.5,0.02484324497668844,-0.01242162248834422,1.2112469606350864,1.2319458657616178
2024-11-14,211.4799957,0.0,215.8999939,210.8800049,214.1600037,0.0,42620300.0,78.69148197710746,0.0,-0.5,-0.01223732052943649,0.006118660264718245,1.1964245433374892,1.2394837239787373
2024-11-15,202.6100006,0.0,207.3399963,199.6100006,206.7599945,0.0,86591100.0,54.783140861920145,0.0,-0.5,-0.041942478155630014,0.020971239077815007,1.1462435330636969,1.2654772334873559
2024-11-18,201.6999969,0.0,204.6699982,200.9499969,204.1499939,0.0,36512500.0,39.56640999238799,0.0,-0.5,-0.004491405642886193,0.0022457028214430963,1.1410952883911727,1.2683191192810703
2024-11-19,204.6100006,0.0,205.3000031,198.7799988,199.3300018,0.0,31197900.0,39.44919263837309,0.0,-0.5,0.014427385943108106,-0.007213692971554053,1.1575583105146543,1.2591698545646248
2024-11-20,202.8800049,0.0,203.1300049,199.4499969,202.9799957,0.0,32769000.0,39.664616338999444,0.0,-0.5,-0.008455088680548228,0.004227544340274114,1.1477710523463474,1.2644930509567334
2024-11-21,198.3800049,0.0,203.4900055,195.75,203.4900055,0.0,58800000.0,35.31252431323968,0.0,-0.5,-0.022180598833374754,0.011090299416687377,1.1223128030816927,1.278516657502164
2024-11-22,197.1199951,0.0,199.2599945,196.75,198.25,0.0,31530800.0,28.938907039927926,1.0,1.0,-0.006351495961677833,0.0031757479808389166,1.11518443784518,1.2825769041956956
2024-11-25,201.4499969,0.0,201.9499969,199.0,199.2799988,0.0,40685700.0,26.686325503681374,1.0,1.0,0.02196632461259629,0.02196632461259629,1.139680941209803,1.310750404813877
2024-11-26,207.8600006,0.0,208.0,201.7899933,201.8999939,0.0,41673700.0,44.14619417823617,0.0,1.0,0.031819328858972096,0.031819328858972096,1.1759448238724606,1.3524576029966806
2024-11-27,205.7400055,0.0,207.6399994,205.0500031,206.9799957,0.0,28061600.0,56.47497548790444,0.0,1.0,-0.010199148916965828,-0.010199148916965828,1.1639511874956503,1.338663686499835
2024-11-29,207.8899994,0.0,208.1999969,204.5899963,205.8300018,0.0,24892400.0,62.18024714220153,0.0,1.0,0.010450052700129886,0.010450052700129886,1.1761145387453587,1.3526527925715084
2024-12-02,210.7100067,0.0,212.9900055,209.5099945,209.9600067,0.0,39523200.0,62.045822157024546,0.0,1.0,0.01356490118879683,0.01356490118879683,1.1920684162501467,1.371001394045491
2024-12-03,213.4400024,0.0,214.0200043,209.6499939,210.3099976,0.0,32214800.0,70.0607799582165,0.0,1.0,0.012956174900069284,0.012956174900069284,1.2075130631439321,1.3887643278949833
2024-12-04,218.1600037,0.0,220.0,215.75,215.9600067,0.0,48745700.0,87.2644920669012,-0.5,-0.5,0.022113948870532862,0.022113948870532862,1.2342159452827977,1.4194753912352729
2024-12-05,220.5500031,0.0,222.1499939,217.3000031,218.0299988,0.0,41140200.0,92.33828970491687,-0.5,-0.5,0.010955259256809402,-0.005477629628404701,1.2477371009422589,1.4117000307754513
2024-12-06,227.0299988,0.0,227.1499939,220.6000061,220.75,0.0,44178100.0,92.89069194373417,-0.5,-0.5,0.029381072813052134,-0.014690536406526067,1.28439695555659,1.3909614000782504
2024-12-09,226.0899963,0.0,230.0800018,225.6699982,227.2100067,0.0,46819400.0,87.43327004405792,-0.5,-0.5,-0.004140433004310107,0.0020702165021550534,1.279078996011168,1.3938409913225531
2024-12-10,225.0399933,0.0,229.0599976,224.1999969,226.0899963,0.0,31199900.0,91.45186596516658,-0.5,-0.5,-0.004644181596636154,0.002322090798318077,1.273138720877249,1.3970776166628218
2024-12-11,230.2599945,0.0,231.1999969,226.2599945,226.4100037,0.0,35385800.0,92.44779870946756,-0.5,-0.5,0.023195882311644267,-0.011597941155822133,1.3026702968131152,1.3808743926746503
2024-12-12,228.9700012,0.0,231.0899963,227.6300049,229.8300018,0.0,28204100.0,86.78485155241339,-0.5,-0.5,-0.005602333582962027,0.0028011667914810134,1.295372303261752,1.384742452166617
2024-12-13,227.4600067,0.0,230.1999969,225.8600006,228.3999939,0.0,28768100.0,79.70341039140985,0.0,-0.5,-0.0065947263488069785,0.0032973631744034892,1.2868296774019168,1.3893084509344245
2024-12-16,232.9299927,0.0,233.0,228.0099945,230.2299957,0.0,37552100.0,80.32854989537392,-0.5,-0.5,0.024048122038501596,-0.012024061019250798,1.3177755145268437,1.3726033213458282
2024-12-17,231.1499939,0.0,232.7299957,227.8500061,232.3899994,0.0,35948100.0,72.32519368458222,0.0,-0.5,-0.007641775880242951,0.0038208879401214757,1.3077053693843577,1.3778478848229292
2024-12-18,220.5200043,0.0,231.3999939,220.1100006,230.7700043,0.0,43281400.0,38.32914707801406,0.0,-0.5,-0.045987410255345806,0.022993705127672903,1.2475673860693606,1.4095297127973354
2024-12-19,223.2899933,0.0,226.0899963,222.9199982,224.9100037,0.0,39918700.0,45.28935531187803,0.0,-0.5,0.012561168810026002,-0.006280584405013001,1.2632382906076607,1.4006770424647381
2024-12-20,224.9199982,0.0,226.2100067,218.7299957,219.8399963,0.0,88279200.0,49.8019880034669,0.0,-0.5,0.0072999460294220775,-0.0036499730147110387,1.272459861951396,1.3955646090574165
2024-12-23,225.0599976,0.0,226.8800049,223.8999939,225.0099945,0.0,28070000.0,39.690709603680595,0.0,-0.5,0.0006224408728454645,-0.00031122043642273223,1.27325189297853,1.3951302808307295
2024-12-24,229.0500031,0.0,229.1399994,226.1300049,226.9400024,0.0,15007500.0,50.143270042532485,0.0,-0.5,0.017728630332128015,-0.008864315166064007,1.2958249051088284,1.3827634063237266
2024-12-26,227.0500031,0.0,228.5,226.6699982,228.5,0.0,16146700.0,49.27841607258456,0.0,-0.5,-0.008731717847333176,0.004365858923666588,1.2845101276578708,1.3888003562805447
2024-12-27,223.75,0.0,226.0299988,220.8999939,225.6000061,0.0,27367100.0,32.50762939397859,0.0,-0.5,-0.014534257013626095,0.0072671285068130476,1.2658407273258856,1.3988929469399431
2024-12-30,221.3000031,0.0,223.0,218.4299927,220.0599976,0.0,28321200.0,31.6982626411924,0.0,-0.5,-0.010949706815642446,0.005474853407821223,1.2519801424863675,1.4065516807576743
2024-12-31,219.3899994,0.0,223.2299957,218.9400024,222.9700012,0.0,24819700.0,46.89388470191162,0.0,-0.5,-0.008630834492744821,0.0043154172463724105,1.2411745090883646,1.4126215381387301
2025-01-02,220.2200012,0.0,225.1499939,218.1900024,222.0299988,0.0,33956600.0,40.55387935342794,0.0,-0.5,0.003783225316878358,-0.001891612658439179,1.2458701519138118,1.4099494053556032
2025-01-03,224.1900024,0.0,225.3600006,221.6199951,222.5099945,0.0,27515600.0,48.03659132528836,0.0,-0.5,0.018027432469199356,-0.009013716234599678,1.2683299919428292,1.3972405215105852
2025-01-06,227.6100006,0.0,228.8399963,224.8399963,226.7799988,0.0,31849800.0,55.82990806238191,0.0,-0.5,0.015254909511522419,-0.007627454755761209,1.287678251200667,1.386583132649847
2025-01-07,222.1100006,0.0,228.3800049,221.4600067,227.8999939,0.0,28084200.0,35.15825268162685,0.0,-0.5,-0.02416414035192438,0.01208207017596219,1.2565626132105336,1.4033359273633281
2025-01-08,222.1300049,0.0,223.5200043,220.1999969,223.1900024,0.0,25033300.0,38.50468204327668,0.0,-0.5,9.006483249707209e-05,-4.5032416248536045e-05,1.2566757853118145,1.4032727317557105
2025-01-10,218.9400024,0.0,221.7100067,216.5,221.4600067,0.0,36811500.0,38.7036269195794,0.0,-0.5,-0.014360970736196133,0.007180485368098066,1.238628701134065,1.4133489110735336
2025-01-13,218.4600067,0.0,219.3999939,216.4700012,218.0599976,0.0,27262700.0,42.65011564984598,0.0,-0.5,-0.0021923618102599463,0.0010961809051299731,1.235913178872607,1.4148981971621386
2025-01-14,217.7599945,0.0,221.8200073,216.1999969,220.4400024,0.0,24711700.0,45.49971433010176,0.0,-0.5,-0.0032043036644290313,0.0016021518322145156,1.2319529377446294,1.4171650789011188
2025-01-15,223.3500061,0.0,223.5700073,220.75,222.8300018,0.0,31291300.0,56.843028818919315,0.0,-0.5,0.025670516812949407,-0.012835258406474703,1.2635778063457654,1.3989753989087907
2025-01-16,220.6600037,0.0,224.6499939,220.3099976,224.4199982,0.0,24757300.0,41.824932138761724,0.0,-0.5,-0.012043887739119241,0.006021943869559621,1.2483594170964945,1.4073999502359142
