Date,Total_Portfolio_Value,Unused_Cash,AMZN_Value,AMZN_Pos,BA_Value,BA_Pos,CAT_Value,CAT_Pos,GOOGL_Value,GOOGL_Pos,GS_Value,GS_Pos,NKE_Value,NKE_Pos,NVDA_Value,NVDA_Pos,SOFI_Value,SOFI_Pos,TSLA_Value,TSLA_Pos,UNH_Value,UNH_Pos
2024-03-01,50000.0,33500.0,1000.0,-0.01,1000.0,-0.01,1000.0,0.02,1000.0,0.02,1000.0,-0.01,1000.0,-0.01,22000.0,-0.22,1000.0,-0.01,20000.0,0.0,1000.0,0.02
2024-03-02,49613.48968805274,33000.0,1001.7955,-0.01,998.6527,-0.01,1005.7914,0.02,972.3641,0.02,1010.6931,0.02,1011.6858,-0.01,21604.5407,-0.22,1023.614,-0.01,20000.0,0.0,984.3523,0.02
2024-03-03,49613.48968805274,33000.0,1001.7955,-0.01,998.6527,-0.01,1005.7914,0.02,972.3641,0.02,1010.6931,0.02,1011.6858,-0.01,21604.5407,-0.22,1023.614,-0.01,20000.0,0.0,984.3523,0.02
2024-03-04,49613.48968805274,33000.0,1001.7955,-0.01,998.6527,-0.01,1005.7914,0.02,972.3641,0.02,1010.6931,0.02,1011.6858,-0.01,21604.5407,-0.22,1023.614,-0.01,20000.0,0.0,984.3523,0.02
2024-03-05,49609.240031529334,33500.0,1011.5551,-0.01,997.1621,-0.01,990.585,0.02,967.4057,0.02,1007.2404,0.02,1017.9949,-0.01,21511.8951,-0.22,1112.0201,-0.01,20000.0,0.0,993.3816,-0.01
2024-03-06,49255.815114124736,33000.0,1013.327,-0.01,996.4681,0.02,996.8221,0.02,958.1449,0.02,1003.7877,0.02,1021.534,-0.01,21169.5628,-0.22,1102.2091,-0.01,20000.0,0.0,993.9594,-0.01
2024-03-07,48800.47899001565,33000.0,1003.6615,-0.01,1006.5319,0.02,1010.4543,0.02,979.8747,0.02,1000.8503,0.02,1018.6168,-0.01,20695.9332,-0.22,1097.0326,-0.01,20000.0,0.0,987.5237,-0.01
2024-03-08,49420.479034555596,32500.0,1007.8335,-0.01,1017.9778,-0.01,1007.3952,0.02,987.3852,0.02,997.1397,0.02,1013.6224,-0.01,21270.0061,-0.22,1132.2787,0.02,20000.0,0.0,986.8403,0.02
2024-03-09,49634.04046690163,33000.0,1017.5756,-0.01,1033.7215,-0.01,994.8619,0.02,1003.8648,0.02,995.0013,0.02,1003.9494,-0.01,21483.1251,-0.22,1127.8729,0.02,20000.0,0.0,974.0678,-0.01
2024-03-10,49634.04046690163,33000.0,1017.5756,-0.01,1033.7215,-0.01,994.8619,0.02,1003.8648,0.02,995.0013,0.02,1003.9494,-0.01,21483.1251,-0.22,1127.8729,0.02,20000.0,0.0,974.0678,-0.01
2024-03-11,49634.04046690163,33000.0,1017.5756,-0.01,1033.7215,-0.01,994.8619,0.02,1003.8648,0.02,995.0013,0.02,1003.9494,-0.01,21483.1251,-0.22,1127.8729,0.02,20000.0,0.0,974.0678,-0.01
2024-03-12,48804.31872254712,32000.0,1007.4271,-0.01,989.4169,0.02,1001.6037,0.02,1009.9169,0.02,1000.206,0.02,1008.449,-0.01,20714.3318,-0.22,1098.5012,0.02,20000.0,0.0,974.4661,0.02
2024-03-13,48935.108006512266,13000.0,1004.0669,-0.01,994.5311,-0.01,1014.3154,0.02,1019.3233,0.02,1010.8476,0.02,1002.5618,-0.01,20829.8333,-0.22,1083.8154,0.02,20000.0,0.4,975.813,-0.01
2024-03-14,48417.64291178047,13000.0,997.8398,-0.01,997.8198,-0.01,1015.5034,0.02,1043.4594,0.02,1001.314,0.02,1008.0466,-0.01,21167.1885,-0.22,1035.3521,0.02,19176.3045,0.4,974.8148,-0.01
2024-03-15,48555.27433906984,12500.0,1009.9256,-0.01,1005.4212,0.02,1008.0862,-0.01,1029.4589,0.02,997.7067,0.02,1011.1779,-0.01,21180.066,-0.22,1032.415,0.02,19302.5739,0.4,978.4429,0.02
2024-03-16,49743.11861701535,12500.0,1009.7519,-0.01,990.604,0.02,1022.4097,0.02,1076.8558,0.02,990.389,0.02,1015.7759,-0.01,21105.5564,-0.22,1039.7579,0.02,20509.7956,0.4,982.2224,-0.01
2024-03-17,49743.11861701535,12500.0,1009.7519,-0.01,990.604,0.02,1022.4097,0.02,1076.8558,0.02,990.389,0.02,1015.7759,-0.01,21105.5564,-0.22,1039.7579,0.02,20509.7956,0.4,982.2224,-0.01
2024-03-18,49743.11861701535,12500.0,1009.7519,-0.01,990.604,0.02,1022.4097,0.02,1076.8558,0.02,990.389,0.02,1015.7759,-0.01,21105.5564,-0.22,1039.7579,0.02,20509.7956,0.4,982.2224,-0.01
2024-03-19,49325.34137748411,12500.0,1005.6429,-0.01,987.0429,-0.01,1028.2205,0.02,1072.1161,0.02,1001.4428,0.02,1009.5581,-0.01,20993.0543,-0.22,1016.2605,0.02,20217.1361,0.4,994.867,0.02
2024-03-20,49803.98877895426,12500.0,999.2112,-0.01,969.4347,-0.01,1035.6294,0.02,1084.5852,0.02,1021.5665,0.02,1007.9963,-0.01,20878.6944,-0.22,1080.8783,0.02,20729.2906,0.4,996.7022,0.02
2024-03-21,49350.946104078,13000.0,999.2112,-0.01,969.0217,0.02,1059.1921,0.02,1076.2726,0.02,1000.0548,-0.01,1005.2431,-0.01,20755.9022,-0.22,1092.6269,0.02,20394.1482,0.4,999.2733,-0.01
2024-03-22,48826.597867448974,13000.0,997.192,-0.01,974.9587,0.02,1040.4523,0.02,1099.3877,0.02,1008.4878,-0.01,1041.8476,-0.01,20431.9699,-0.22,1072.0668,0.02,20159.3116,0.4,1000.9236,-0.01
2024-03-23,48958.51581891902,12500.0,994.8505,-0.01,968.417,-0.01,1043.6044,-0.01,1094.2834,0.02,1003.8273,0.02,1040.6265,0.02,20354.7191,-0.22,1094.0955,0.02,20371.7264,0.4,992.3658,0.02
2024-03-24,48958.51581891902,12500.0,994.8505,-0.01,968.417,-0.01,1043.6044,-0.01,1094.2834,0.02,1003.8273,0.02,1040.6265,0.02,20354.7191,-0.22,1094.0955,0.02,20371.7264,0.4,992.3658,0.02
2024-03-25,48958.51581891902,12500.0,994.8505,-0.01,968.417,-0.01,1043.6044,-0.01,1094.2834,0.02,1003.8273,0.02,1040.6265,0.02,20354.7191,-0.22,1094.0955,0.02,20371.7264,0.4,992.3658,0.02
2024-03-26,49800.79981664032,13000.0,998.7533,-0.01,978.4623,-0.01,1044.8943,0.02,1098.6584,0.02,1006.9012,0.02,1047.1814,-0.01,20616.2181,-0.22,1057.3809,0.02,20966.486,0.4,985.864,-0.01
2024-03-27,50361.95173905399,12500.0,994.4681,-0.01,967.0539,-0.01,1069.1116,0.02,1100.1167,0.02,1029.3854,0.02,1038.5239,-0.01,20873.5842,-0.22,1080.8783,0.02,21221.3838,0.4,987.446,0.02
2024-03-28,49859.390512201615,13000.0,992.9473,-0.01,964.4447,-0.01,1074.3305,0.02,1100.5543,0.02,1026.3743,-0.01,1036.8691,0.02,20861.3254,-0.22,1072.0668,0.02,20744.6304,0.4,985.8478,-0.01
2024-03-29,49815.284635021126,13000.0,991.3235,-0.01,973.2852,-0.01,1066.4437,0.02,1133.8051,0.02,1031.5489,-0.01,1044.7924,-0.01,20860.5176,-0.22,1060.318,0.02,20677.3667,0.4,975.8836,0.02
2024-03-30,49815.284635021126,13000.0,991.3235,-0.01,973.2852,-0.01,1066.4437,0.02,1133.8051,0.02,1031.5489,-0.01,1044.7924,-0.01,20860.5176,-0.22,1060.318,0.02,20677.3667,0.4,975.8836,0.02
2024-03-31,49815.284635021126,13000.0,991.3235,-0.01,973.2852,-0.01,1066.4437,0.02,1133.8051,0.02,1031.5489,-0.01,1044.7924,-0.01,20860.5176,-0.22,1060.318,0.02,20677.3667,0.4,975.8836,0.02
2024-04-01,49815.28463502112,12951.974005105492,996.3057,-0.01,996.3057,-0.01,996.3057,0.02,996.3057,0.02,996.3057,-0.01,996.3057,-0.01,21918.7252,-0.22,996.3057,0.02,19926.1139,0.4,996.3057,0.02
2024-04-02,48970.702985433156,12453.82115875528,997.0764,-0.01,988.6296,0.02,999.2913,0.02,990.3465,0.02,988.2102,0.02,1005.0853,-0.01,22029.2124,-0.22,993.5458,0.02,18949.2548,0.4,1030.0506,-0.01
2024-04-03,49323.53315388599,12951.974005105492,992.3308,-0.01,996.9349,-0.01,1029.3115,0.02,992.6533,0.02,997.4864,0.02,1008.5287,-0.01,22089.3019,-0.22,1040.4633,0.02,19148.2658,0.4,1028.2566,-0.01
2024-04-04,49969.61749541565,12951.974005105492,998.8862,-0.01,1001.358,-0.01,1012.877,0.02,1007.0239,-0.01,978.8136,0.02,1015.6371,-0.01,22469.0694,-0.22,1008.725,0.02,19458.7223,0.4,1018.505,0.02
2024-04-05,48953.336865283156,13948.279697805914,984.8185,-0.01,1000.5385,0.02,1000.0988,-0.01,1000.4984,-0.01,983.1986,0.02,1016.951,-0.01,22194.0413,-0.22,1002.5721,-0.01,18752.517,0.4,1018.1026,-0.01
2024-04-06,50022.35416979228,11955.668312405069,984.4992,-0.01,991.9066,0.02,984.7269,0.02,1015.916,0.02,989.1499,0.02,1010.376,-0.01,22304.371,-0.22,1051.3459,0.02,19671.3792,0.4,1018.6834,0.02
2024-04-07,50022.35416979228,11955.668312405069,984.4992,-0.01,991.9066,0.02,984.7269,0.02,1015.916,0.02,989.1499,0.02,1010.376,-0.01,22304.371,-0.22,1051.3459,0.02,19671.3792,0.4,1018.6834,0.02
2024-04-08,50022.35416979228,11955.668312405069,984.4992,-0.01,991.9066,0.02,984.7269,0.02,1015.916,0.02,989.1499,0.02,1010.376,-0.01,22304.371,-0.22,1051.3459,0.02,19671.3792,0.4,1018.6834,0.02
2024-04-09,50701.59894947736,11955.668312405069,983.2234,-0.01,973.113,0.02,980.5872,0.02,1027.397,0.02,989.5594,0.02,1004.8092,-0.01,22532.067,-0.22,1068.9586,0.02,20114.8904,0.4,1026.9938,0.02
2024-04-10,49856.152925468865,13450.126851455703,982.482,-0.01,982.7888,-0.01,980.3632,-0.01,1024.3791,0.02,965.586,0.02,1016.0364,-0.01,22309.6597,-0.22,1024.2493,0.02,19532.64,0.4,1037.9684,-0.01
2024-04-11,49717.075418420216,13450.126851455703,974.2924,-0.01,986.3821,-0.01,980.1261,0.02,1045.8324,0.02,957.6833,0.02,999.3333,-0.01,21851.2357,-0.22,1018.8727,-0.01,19855.6077,0.4,1047.7097,-0.01
2024-04-12,49643.99996973804,14446.432544156125,981.8167,-0.01,997.4031,-0.01,988.6006,-0.01,1051.3873,-0.01,938.4323,0.02,999.3333,-0.01,22144.2215,-0.22,1040.1946,-0.01,19451.8994,0.4,1050.7111,-0.01
2024-04-13,48858.08698866298,13948.279697805914,988.4367,-0.01,1002.5309,-0.01,983.9501,0.02,1061.0852,-0.01,925.0046,-0.01,993.412,-0.01,22418.5575,-0.22,1055.4231,-0.01,18363.593,0.4,1066.0939,0.02
2024-04-14,48858.08698866298,13948.279697805914,988.4367,-0.01,1002.5309,-0.01,983.9501,0.02,1061.0852,-0.01,925.0046,-0.01,993.412,-0.01,22418.5575,-0.22,1055.4231,-0.01,18363.593,0.4,1066.0939,0.02
2024-04-15,48858.08698866298,13948.279697805914,988.4367,-0.01,1002.5309,-0.01,983.9501,0.02,1061.0852,-0.01,925.0046,-0.01,993.412,-0.01,22418.5575,-0.22,1055.4231,-0.01,18363.593,0.4,1066.0939,0.02
2024-04-16,48259.89915939986,12453.821158755281,989.2442,-0.01,1018.8394,0.02,973.0536,0.02,1062.6647,-0.01,929.6777,-0.01,996.5063,0.02,22234.2572,-0.22,1067.2818,0.02,17866.6347,0.4,1121.7394,0.02
2024-04-17,48544.08225305553,12951.974005105492,994.7484,-0.01,1019.8565,-0.01,975.1695,-0.01,1070.0291,0.02,946.1929,0.02,988.8592,-0.01,22664.114,-0.22,1061.3524,0.02,17677.8582,0.4,1145.9019,0.02
2024-04-18,47827.05819477348,11955.668312405069,1000.4003,0.02,1019.9763,0.02,975.7007,-0.01,1073.7456,0.02,944.3189,0.02,998.2432,0.02,22578.351,-0.22,1056.9055,0.02,17050.1203,0.4,1129.2964,-0.01
2024-04-19,48595.10271301241,498.1528463502113,974.7791,0.02,1017.5197,0.02,978.4067,-0.01,1060.5312,0.02,946.4038,0.02,985.627,0.02,23707.7873,0.44,1053.9408,0.02,16722.6063,0.4,1147.5007,0.02
2024-04-20,49154.55441018534,996.3056927004226,989.2922,0.02,1015.5482,-0.01,986.5449,0.02,1075.6039,0.02,977.6773,0.02,982.082,0.02,24740.1027,0.44,1074.6935,0.02,16154.0036,0.4,1159.0061,-0.01
2024-04-21,49154.55441018534,996.3056927004226,989.2922,0.02,1015.5482,-0.01,986.5449,0.02,1075.6039,0.02,977.6773,0.02,982.082,0.02,24740.1027,0.44,1074.6935,0.02,16154.0036,0.4,1159.0061,-0.01
2024-04-22,49154.55441018534,996.3056927004226,989.2922,0.02,1015.5482,-0.01,986.5449,0.02,1075.6039,0.02,977.6773,0.02,982.082,0.02,24740.1027,0.44,1074.6935,0.02,16154.0036,0.4,1159.0061,-0.01
2024-04-23,50437.24641276674,996.3056927004226,1002.1865,0.02,1007.8041,0.02,1002.1041,0.02,1089.2313,0.02,969.98,-0.01,980.3094,0.02,25643.923,0.44,1123.6106,0.02,16453.0875,0.4,1165.0099,-0.01
2024-04-24,51582.26785187084,498.1528463502113,985.7197,0.02,1022.568,-0.01,1002.8489,0.02,1095.2193,0.02,967.7839,0.02,986.7739,0.02,24789.5729,0.44,1126.5752,0.02,18437.5124,0.4,1167.6937,0.02
2024-04-25,53442.23073904652,996.3056927004226,969.4204,0.02,1038.0001,0.02,1040.0191,-0.01,1073.6768,0.02,971.2223,-0.01,979.4754,0.02,25708.9493,0.44,1125.0929,0.02,19352.9613,0.4,1183.4131,0.02
2024-04-26,54954.971304127976,996.3056927004226,1002.6331,0.02,1040.5514,0.02,1031.8395,-0.01,1183.4534,0.02,988.6098,0.02,981.3521,0.02,27296.6215,0.44,1104.8973,-0.01,19138.0296,0.4,1186.9836,0.02
2024-04-27,57913.76280279187,996.3056927004226,1010.113,0.02,1021.5754,-0.01,1051.1312,0.02,1143.5346,0.02,996.1011,0.02,980.7265,0.02,27303.4689,0.44,1167.8008,-0.01,22067.4719,0.4,1171.8393,0.02
2024-04-28,57913.76280279187,996.3056927004226,1010.113,0.02,1021.5754,-0.01,1051.1312,0.02,1143.5346,0.02,996.1011,0.02,980.7265,0.02,27303.4689,0.44,1167.8008,-0.01,22067.4719,0.4,1171.8393,0.02
2024-04-29,57913.76280279187,996.3056927004226,1010.113,0.02,1021.5754,-0.01,1051.1312,0.02,1143.5346,0.02,996.1011,0.02,980.7265,0.02,27303.4689,0.44,1167.8008,-0.01,22067.4719,0.4,1171.8393,0.02
2024-04-30,56132.7124259551,996.3056927004226,976.8444,0.02,988.306,0.02,1005.366,0.02,1120.3405,0.02,986.6212,0.02,961.9587,0.02,26881.8923,0.44,1190.4041,-0.01,20842.7012,0.4,1178.278,-0.01
2024-05-01,54735.572208656245,2736.778610432812,1094.7114,0.02,1094.7114,-0.01,1094.7114,-0.01,1094.7114,0.02,1094.7114,0.02,1094.7114,-0.01,24083.6518,0.44,1094.7114,-0.01,21894.2289,0.4,1094.7114,-0.01
2024-05-02,55553.21694542355,2736.778610432812,1129.6933,0.02,1071.8564,-0.01,1087.5573,-0.01,1113.1504,0.02,1109.1213,0.02,1082.3811,-0.01,24888.7511,0.44,1089.2163,-0.01,21896.6604,0.4,1084.8294,-0.01
2024-05-03,56577.120655202154,1642.0671662596874,1138.8057,0.02,1069.0507,-0.01,1085.4399,-0.01,1117.2924,0.02,1123.5054,0.02,1083.907,-0.01,25750.6946,0.44,1084.5416,0.02,22040.1981,0.4,1083.6852,0.02
2024-05-04,58015.02732759425,2736.778610432812,1154.0338,0.02,1073.3578,-0.01,1076.919,-0.01,1123.038,0.02,1116.5326,-0.01,1076.8601,-0.01,26722.5548,0.44,1115.7065,0.02,22474.4568,0.4,1081.5679,-0.01
2024-05-05,58015.02732759425,2736.778610432812,1154.0338,0.02,1073.3578,-0.01,1076.919,-0.01,1123.038,0.02,1116.5326,-0.01,1076.8601,-0.01,26722.5548,0.44,1115.7065,0.02,22474.4568,0.4,1081.5679,-0.01
2024-05-06,58015.02732759425,2736.778610432812,1154.0338,0.02,1073.3578,-0.01,1076.919,-0.01,1123.038,0.02,1116.5326,-0.01,1076.8601,-0.01,26722.5548,0.44,1115.7065,0.02,22474.4568,0.4,1081.5679,-0.01
2024-05-07,56706.20466901493,2736.778610432812,1154.4007,0.02,1078.3271,-0.01,1072.3832,-0.01,1144.0823,0.02,1116.369,-0.01,1074.446,-0.01,26262.5812,0.44,1100.1241,0.02,21629.0498,0.4,1074.4413,-0.01
2024-05-08,56274.133292367944,1642.0671662596874,1149.7528,0.02,1067.3897,-0.01,1073.1612,-0.01,1131.5894,0.02,1124.2928,0.02,1075.536,-0.01,26221.4,0.44,1098.5658,0.02,21253.1784,0.4,1079.2671,0.02
2024-05-09,55484.241435017175,1642.0671662596874,1158.9264,0.02,1072.7162,0.02,1061.9988,-0.01,1135.4642,0.02,1145.9511,0.02,1076.6871,-0.01,25738.5153,0.44,1100.1241,0.02,20918.6647,0.4,1075.1937,-0.01
2024-05-10,55353.67907373542,2189.4228883462497,1146.5726,-0.01,1056.4997,0.02,1057.4842,-0.01,1126.7123,0.02,1146.9964,-0.01,1091.0941,-0.01,26066.524,0.44,1081.4251,0.02,20492.9199,0.4,1087.4507,0.02
2024-05-11,55939.43285577989,2736.778610432812,1149.3552,-0.01,1056.7069,-0.01,1054.6788,-0.01,1129.9859,0.02,1148.4749,-0.01,1080.5702,-0.01,26217.6309,0.44,1107.9153,0.02,20908.9331,0.4,1085.1816,0.02
2024-05-12,55939.43285577989,2736.778610432812,1149.3552,-0.01,1056.7069,-0.01,1054.6788,-0.01,1129.9859,0.02,1148.4749,-0.01,1080.5702,-0.01,26217.6309,0.44,1107.9153,0.02,20908.9331,0.4,1085.1816,0.02
2024-05-13,55939.43285577989,2736.778610432812,1149.3552,-0.01,1056.7069,-0.01,1054.6788,-0.01,1129.9859,0.02,1148.4749,-0.01,1080.5702,-0.01,26217.6309,0.44,1107.9153,0.02,20908.9331,0.4,1085.1816,0.02
2024-05-14,56968.79401131336,2736.778610432812,1147.8151,-0.01,1049.9037,-0.01,1052.4681,-0.01,1138.0028,0.02,1160.9076,0.02,1080.1625,-0.01,26495.1785,0.44,1164.0123,0.02,21597.4237,0.4,1082.9197,-0.01
2024-05-15,57561.001282114936,2736.778610432812,1151.1284,-0.01,1061.0266,-0.01,1049.746,-0.01,1152.5001,0.02,1180.2025,0.02,1086.7411,-0.01,27444.7075,0.44,1179.9148,-0.01,21164.3807,0.4,1090.6535,0.02
2024-05-16,57622.265956153016,2736.778610432812,1158.4317,0.02,1043.5723,-0.01,1063.6024,-0.01,1163.6569,0.02,1182.1953,-0.01,1086.1488,-0.01,27366.112,0.44,1192.2789,-0.01,21267.7748,0.4,1098.4929,0.02
2024-05-17,57457.6683885313,1094.7114441731248,1165.1817,0.02,1054.9229,0.02,1055.2855,-0.01,1176.2167,0.02,1190.3392,0.02,1083.7306,-0.01,26820.8701,0.44,1219.0717,0.02,21586.4764,0.4,1105.5735,0.02
2024-05-18,57792.197218926245,1094.7114441731248,1157.8638,0.02,1050.2203,-0.01,1074.4797,0.02,1181.9624,0.02,1178.1742,0.02,1086.1488,-0.01,27488.2126,0.44,1204.0008,0.02,21281.1554,0.4,1089.9792,0.02
2024-05-19,57792.197218926245,1094.7114441731248,1157.8638,0.02,1050.2203,-0.01,1074.4797,0.02,1181.9624,0.02,1178.1742,0.02,1086.1488,-0.01,27488.2126,0.44,1204.0008,0.02,21281.1554,0.4,1089.9792,0.02
2024-05-20,57792.197218926245,1094.7114441731248,1157.8638,0.02,1050.2203,-0.01,1074.4797,0.02,1181.9624,0.02,1178.1742,0.02,1086.1488,-0.01,27488.2126,0.44,1204.0008,0.02,21281.1554,0.4,1089.9792,0.02
2024-05-21,59370.94493866191,1642.0671662596874,1155.4035,0.02,1055.408,-0.01,1063.5794,0.02,1188.1755,0.02,1197.1853,0.02,1079.9879,-0.01,27663.9658,0.44,1185.5807,0.02,22698.2783,0.4,1083.3805,-0.01
2024-05-22,58443.12123197558,2189.4228883462497,1155.2774,0.02,1051.1502,-0.01,1068.2455,-0.01,1178.3546,0.02,1207.5361,-0.01,1081.8544,-0.01,27537.5163,0.44,1175.5334,0.02,21908.8253,0.4,1078.828,0.02
2024-05-23,60237.62837838559,2736.778610432812,1142.1557,0.02,1093.248,-0.01,1076.1965,-0.01,1159.4482,0.02,1213.0978,-0.01,1088.345,-0.01,30103.9146,0.44,1143.717,0.02,21133.9704,0.4,1083.5352,-0.01
2024-05-24,61664.57991832237,2189.4228883462497,1140.2631,0.02,1085.9886,-0.01,1078.969,-0.01,1169.0685,0.02,1221.1207,0.02,1086.2672,-0.01,30878.2702,0.44,1136.2552,-0.01,21802.9979,0.4,1065.3794,0.02
2024-05-25,63532.128997975095,14231.248774250624,1149.095,0.02,1084.2504,-0.01,1082.7462,-0.01,1178.4883,0.02,1217.4932,0.02,1084.7903,-0.01,33033.7087,-0.22,1131.3292,0.02,21500.1102,0.4,1070.1175,-0.01
2024-05-26,63532.128997975095,14231.248774250624,1149.095,0.02,1084.2504,-0.01,1082.7462,-0.01,1178.4883,0.02,1217.4932,0.02,1084.7903,-0.01,33033.7087,-0.22,1131.3292,0.02,21500.1102,0.4,1070.1175,-0.01
2024-05-27,63532.128997975095,14231.248774250624,1149.095,0.02,1084.2504,-0.01,1082.7462,-0.01,1178.4883,0.02,1217.4932,0.02,1084.7903,-0.01,33033.7087,-0.22,1131.3292,0.02,21500.1102,0.4,1070.1175,-0.01
2024-05-28,63532.128997975095,14231.248774250624,1149.095,0.02,1084.2504,-0.01,1082.7462,-0.01,1178.4883,0.02,1217.4932,0.02,1084.7903,-0.01,33033.7087,-0.22,1131.3292,0.02,21500.1102,0.4,1070.1175,-0.01
2024-05-29,63359.06521229619,14231.248774250624,1148.275,0.02,1095.0299,-0.01,1096.0503,-0.01,1175.1478,0.02,1210.503,0.02,1086.7411,-0.01,32899.7199,-0.22,1124.7612,0.02,21431.9913,0.4,1090.8458,-0.01
2024-05-30,64249.51606946289,13683.893052164061,1131.242,0.02,1102.0473,0.02,1094.2071,-0.01,1149.8278,0.02,1199.3415,0.02,1076.3414,-0.01,33519.3213,-0.22,1134.6131,0.02,21748.2578,0.4,1094.3167,-0.01
2024-05-31,64302.27038156193,13683.893052164061,1113.0735,0.02,1086.8649,-0.01,1095.3863,-0.01,1152.4332,0.02,1216.0971,0.02,1067.2438,-0.01,33650.8184,-0.22,1132.9712,0.02,21661.8934,0.4,1125.4887,0.02
2024-06-01,63272.83995525365,12041.825885904374,1125.0596,0.02,1129.4559,0.02,1072.2178,0.02,1156.9094,0.02,1211.9948,0.02,1064.0875,0.02,32827.1433,-0.22,1111.6253,0.02,21444.1544,0.4,1130.1918,0.02
2024-06-02,63272.83995525365,12041.825885904374,1125.0596,0.02,1129.4559,0.02,1072.2178,0.02,1156.9094,0.02,1211.9948,0.02,1064.0875,0.02,32827.1433,-0.22,1111.6253,0.02,21444.1544,0.4,1130.1918,0.02
2024-06-03,63272.83995525365,6327.283995525366,1265.4568,0.02,1265.4568,0.02,1265.4568,0.02,16450.9384,0.26,1265.4568,0.02,1265.4568,0.02,12654.568,-0.1,1265.4568,0.02,25309.136,0.4,1265.4568,0.02
2024-06-04,63076.65206244354,8225.469194182975,1272.5526,0.02,1293.2245,0.02,1272.7564,-0.01,16509.8383,0.26,1266.3467,0.02,1270.0146,0.02,12575.5048,-0.1,1270.1559,-0.01,25090.9182,0.4,1255.3401,-0.01
2024-06-05,62995.927263922356,8225.469194182975,1286.3183,0.02,1289.0284,-0.01,1269.1197,-0.01,16663.7351,0.26,1284.0917,0.02,1272.839,-0.01,12251.3349,-0.1,1306.0681,0.02,25123.9376,0.4,1249.4545,0.02
2024-06-06,63681.4509205799,8225.469194182975,1312.7145,0.02,1283.7313,-0.01,1271.3599,-0.01,16789.1334,0.26,1274.1346,0.02,1291.7319,0.02,12323.4781,-0.1,1338.2,0.02,25546.0201,0.4,1250.9471,-0.01
2024-06-07,63402.66697387976,8225.469194182975,1307.7475,0.02,1287.7064,-0.01,1270.1032,-0.01,16573.4867,0.26,1265.262,0.02,1302.9327,0.02,12329.0795,-0.1,1321.1889,0.02,25479.9791,0.4,1265.1809,-0.01
2024-06-08,62907.77873467651,8225.469194182975,1327.3318,0.02,1288.1128,-0.01,1268.8117,-0.01,16644.8166,0.26,1261.4794,0.02,1295.5105,0.02,12283.0831,-0.1,1328.7495,0.02,24950.2226,0.4,1259.6608,-0.01
2024-06-09,62907.77873467651,8225.469194182975,1327.3318,0.02,1288.1128,-0.01,1268.8117,-0.01,16644.8166,0.26,1261.4794,0.02,1295.5105,0.02,12283.0831,-0.1,1328.7495,0.02,24950.2226,0.4,1259.6608,-0.01
2024-06-10,62907.77873467651,8225.469194182975,1327.3318,0.02,1288.1128,-0.01,1268.8117,-0.01,16644.8166,0.26,1261.4794,0.02,1295.5105,0.02,12283.0831,-0.1,1328.7495,0.02,24950.2226,0.4,1259.6608,-0.01
2024-06-11,62646.887733584146,7592.740794630439,1328.5381,0.02,1304.0548,-0.01,1273.2618,-0.01,16797.9409,0.26,1235.6685,0.02,1293.7561,0.02,12326.9585,-0.1,1323.0791,0.02,24500.8645,0.4,1262.7656,0.02
2024-06-12,63528.78373815544,8858.197593735513,1326.1255,-0.01,1314.1174,-0.01,1270.5089,-0.01,16909.2172,0.26,1247.9899,0.02,1308.7911,-0.01,12108.2728,-0.1,1336.3099,0.02,25452.7013,0.4,1254.7496,0.02
2024-06-13,63869.16147588687,8858.197593735511,1336.982,-0.01,1321.2613,-0.01,1275.1137,-0.01,16659.084,0.26,1241.4538,0.02,1315.7766,0.02,11895.0238,-0.1,1362.5814,-0.01,26196.371,0.4,1265.5139,0.02
2024-06-14,63343.5185397633,9490.925993288049,1337.6002,-0.01,1333.9826,-0.01,1284.7751,-0.01,16814.1098,0.26,1241.7597,0.02,1321.3301,-0.01,11790.8577,-0.1,1397.979,-0.01,25556.0686,0.4,1265.0558,0.02
2024-06-15,64792.05680878589,9490.925993288047,1336.1436,-0.01,1342.4107,0.02,1282.9208,-0.01,16856.9091,0.26,1252.1062,0.02,1310.0857,-0.01,11831.0909,-0.1,1397.979,-0.01,26909.891,0.4,1272.5197,-0.01
2024-06-16,64792.05680878589,9490.925993288047,1336.1436,-0.01,1342.4107,0.02,1282.9208,-0.01,16856.9091,0.26,1252.1062,0.02,1310.0857,-0.01,11831.0909,-0.1,1397.979,-0.01,26909.891,0.4,1272.5197,-0.01
2024-06-17,64792.05680878589,9490.925993288047,1336.1436,-0.01,1342.4107,0.02,1282.9208,-0.01,16856.9091,0.26,1252.1062,0.02,1310.0857,-0.01,11831.0909,-0.1,1397.979,-0.01,26909.891,0.4,1272.5197,-0.01
2024-06-18,64006.757259279875,8858.197593735511,1340.6807,-0.01,1316.8253,0.02,1277.5036,-0.01,16652.4253,0.26,1272.271,0.02,1311.6053,-0.01,11623.3378,-0.1,1389.3228,0.02,26539.4921,0.4,1283.2934,-0.01
2024-06-19,63814.438539612274,8858.197593735513,1328.6166,-0.01,1311.9238,-0.01,1269.7365,-0.01,16767.506,0.26,1273.9954,0.02,1306.173,-0.01,11829.0914,-0.1,1367.6823,0.02,26067.1631,0.4,1292.5504,0.02
2024-06-20,63814.438539612274,8858.197593735513,1328.6166,-0.01,1311.9238,-0.01,1269.7365,-0.01,16767.506,0.26,1273.9954,0.02,1306.173,-0.01,11829.0914,-0.1,1367.6823,0.02,26067.1631,0.4,1292.5504,0.02
2024-06-21,64517.14559611469,8858.197593735513,1317.9792,-0.01,1313.8585,0.02,1272.2322,-0.01,17084.2162,0.26,1285.0831,-0.01,1295.308,-0.01,12019.489,-0.1,1367.6823,0.02,26273.8954,0.4,1287.4017,0.02
2024-06-22,64930.766733782875,8225.469194182975,1330.2123,-0.01,1304.5087,-0.01,1280.6144,0.02,17045.2212,0.26,1319.0814,0.02,1295.3747,-0.01,12421.1833,-0.1,1415.2914,0.02,26212.1633,0.4,1307.1161,0.02
2024-06-23,64930.766733782875,8225.469194182975,1330.2123,-0.01,1304.5087,-0.01,1280.6144,0.02,17045.2212,0.26,1319.0814,0.02,1295.3747,-0.01,12421.1833,-0.1,1415.2914,0.02,26212.1633,0.4,1307.1161,0.02
2024-06-24,64930.766733782875,8225.469194182975,1330.2123,-0.01,1304.5087,-0.01,1280.6144,0.02,17045.2212,0.26,1319.0814,0.02,1295.3747,-0.01,12421.1833,-0.1,1415.2914,0.02,26212.1633,0.4,1307.1161,0.02
2024-06-25,65575.59462638265,7592.740794630439,1327.4526,-0.01,1319.3247,-0.01,1270.5247,0.02,17502.6897,0.26,1305.6363,0.02,1263.1136,0.02,12001.5704,-0.1,1395.8149,0.02,26896.9707,0.4,1292.497,0.02
2024-06-26,66807.37896174689,9490.925993288049,1301.5575,-0.01,1306.6993,-0.01,1271.8267,-0.01,17488.4252,0.26,1301.2972,0.02,1267.7381,-0.01,11986.8164,-0.1,1397.979,0.02,28191.9286,0.4,1293.111,-0.01
2024-06-27,67172.78863838967,9490.925993288049,1287.3056,-0.01,1292.2646,-0.01,1270.4083,-0.01,17633.9393,0.26,1273.0368,0.02,1266.8629,-0.01,12101.0899,-0.1,1415.2914,0.02,28342.6727,0.4,1289.9171,-0.01
2024-06-28,67199.8538100291,8858.197593735513,1302.2705,-0.01,1294.0383,-0.01,1259.6071,-0.01,17323.8864,0.26,1291.192,0.02,1416.2266,-0.01,12123.0492,-0.1,1430.4398,0.02,28408.7137,0.4,1350.43,0.02
2024-06-29,68899.61022791553,7592.740794630439,1288.9614,-0.01,1277.6815,-0.01,1244.4055,0.02,17403.7779,0.26,1323.5632,0.02,1443.6605,0.02,12085.7594,-0.1,1391.4868,0.02,30128.6261,0.4,1311.688,0.02
2024-06-30,68899.61022791553,7592.740794630439,1288.9614,-0.01,1277.6815,-0.01,1244.4055,0.02,17403.7779,0.26,1323.5632,0.02,1443.6605,0.02,12085.7594,-0.1,1391.4868,0.02,30128.6261,0.4,1311.688,0.02
2024-07-01,68899.61022791553,16535.90645469973,1377.9922,-0.01,1377.9922,-0.01,1377.9922,0.02,1377.9922,0.02,1377.9922,0.02,1377.9922,0.02,30315.8285,-0.22,1377.9922,0.02,27559.8441,0.4,1377.9922,0.02
2024-07-02,71890.94758428601,18602.89476153719,1368.2093,-0.01,1382.7403,-0.01,1372.465,0.02,1394.9358,0.02,1375.1037,-0.01,1363.823,0.02,30514.6014,-0.22,1375.8541,-0.01,30370.1962,0.4,1373.0188,-0.01
2024-07-03,73170.8997513862,31004.82460256199,1376.4528,-0.01,1386.8978,-0.01,1384.399,0.02,1399.3033,0.02,1381.9259,0.02,1349.4744,0.02,29816.847,-0.22,1368.4485,-0.01,32357.1426,-0.2,1350.0085,0.02
2024-07-04,73126.98491508442,30315.828500282834,1368.0585,-0.01,1390.8108,0.02,1374.9355,0.02,1435.2989,0.02,1372.5638,0.02,1352.8823,0.02,30101.5809,-0.22,1357.9542,0.02,32020.2939,-0.2,1352.6064,-0.01
2024-07-05,73126.98491508442,30315.828500282834,1368.0585,-0.01,1390.8108,0.02,1374.9355,0.02,1435.2989,0.02,1372.5638,0.02,1352.8823,0.02,30101.5809,-0.22,1357.9542,0.02,32020.2939,-0.2,1352.6064,-0.01
2024-07-06,72743.48083583704,31004.82460256199,1370.4868,-0.01,1387.0263,-0.01,1377.9085,0.02,1423.4759,0.02,1372.7706,0.02,1374.7444,-0.01,29818.1017,-0.22,1332.768,0.02,31929.906,-0.2,1356.2927,0.02
2024-07-07,72743.48083583704,31004.82460256199,1370.4868,-0.01,1387.0263,-0.01,1377.9085,0.02,1423.4759,0.02,1372.7706,0.02,1374.7444,-0.01,29818.1017,-0.22,1332.768,0.02,31929.906,-0.2,1356.2927,0.02
2024-07-08,72743.48083583704,31004.82460256199,1370.4868,-0.01,1387.0263,-0.01,1377.9085,0.02,1423.4759,0.02,1372.7706,0.02,1374.7444,-0.01,29818.1017,-0.22,1332.768,0.02,31929.906,-0.2,1356.2927,0.02
2024-07-09,71794.77387320693,31004.82460256199,1370.3149,-0.01,1396.8319,-0.01,1365.3462,0.02,1423.0994,0.02,1396.4267,0.02,1363.6409,0.02,29448.2798,-0.22,1329.6309,-0.01,31337.2332,-0.2,1363.9702,0.02
2024-07-10,71328.11193279621,32382.816807120296,1368.7682,-0.01,1394.968,-0.01,1375.4798,0.02,1439.6663,0.02,1387.5632,-0.01,1365.1465,0.02,29052.663,-0.22,1310.2638,-0.01,31281.6841,-0.2,1351.909,-0.01
2024-07-11,73508.00807157632,30315.828500282834,1385.0051,-0.01,1394.2851,-0.01,1386.5765,0.02,1397.4208,0.02,1388.5483,0.02,1381.1429,0.02,29861.2967,-0.22,1350.15,0.02,32602.4168,-0.2,1361.1658,0.02
2024-07-12,72798.96575884926,32382.816807120296,1386.9933,-0.01,1400.3901,-0.01,1405.2523,0.02,1393.6556,0.02,1387.6076,-0.01,1381.7075,0.02,29645.6581,-0.22,1330.6382,-0.01,32115.4706,-0.2,1351.5926,-0.01
2024-07-13,72613.85600266686,29626.83239800368,1393.3046,0.02,1375.8098,0.02,1447.88,0.02,1404.6499,0.02,1423.3187,0.02,1341.9988,0.02,29737.4124,-0.22,1297.5508,-0.01,31830.1921,-0.2,1361.7388,0.02
2024-07-14,72613.85600266686,29626.83239800368,1393.3046,0.02,1375.8098,0.02,1447.88,0.02,1404.6499,0.02,1423.3187,0.02,1341.9988,0.02,29737.4124,-0.22,1297.5508,-0.01,31830.1921,-0.2,1361.7388,0.02
2024-07-15,72613.85600266686,29626.83239800368,1393.3046,0.02,1375.8098,0.02,1447.88,0.02,1404.6499,0.02,1423.3187,0.02,1341.9988,0.02,29737.4124,-0.22,1297.5508,-0.01,31830.1921,-0.2,1361.7388,0.02
2024-07-16,72817.83820518205,29626.83239800368,1395.4736,0.02,1429.1185,0.02,1509.8956,0.02,1384.9955,0.02,1454.5186,0.02,1370.2277,0.02,29978.2015,-0.22,1261.9016,-0.01,31583.2512,-0.2,1450.2545,0.02
2024-07-17,74290.58048017221,30315.828500282834,1358.6744,0.02,1419.824,0.02,1498.2547,0.02,1363.1573,0.02,1455.7346,-0.01,1375.1207,0.02,30971.07,-0.22,1254.6377,-0.01,32079.3553,-0.2,1514.752,0.02
2024-07-18,73740.569695507,31004.82460256199,1328.4544,0.02,1437.8677,-0.01,1501.9743,-0.01,1338.081,0.02,1479.4489,-0.01,1362.1354,0.02,30564.2125,-0.22,1205.0283,0.02,32032.237,-0.2,1491.1302,0.02
2024-07-19,74798.43964723266,31004.82460256199,1323.972,0.02,1433.4001,0.02,1520.0126,-0.01,1337.855,0.02,1475.554,0.02,1368.1576,0.02,30963.0174,-0.22,1209.8581,-0.01,32676.7888,-0.2,1489.824,-0.01
2024-07-20,73280.99925235905,30315.828500282834,1319.7788,0.02,1436.4815,-0.01,1527.2566,0.02,1368.0519,0.02,1481.9745,0.02,1408.8071,0.02,30226.5532,-0.22,1204.2289,-0.01,31835.9628,-0.2,1471.9039,0.02
2024-07-21,73280.99925235905,30315.828500282834,1319.7788,0.02,1436.4815,-0.01,1527.2566,0.02,1368.0519,0.02,1481.9745,0.02,1408.8071,0.02,30226.5532,-0.22,1204.2289,-0.01,31835.9628,-0.2,1471.9039,0.02
2024-07-22,73280.99925235905,30315.828500282834,1319.7788,0.02,1436.4815,-0.01,1527.2566,0.02,1368.0519,0.02,1481.9745,0.02,1408.8071,0.02,30226.5532,-0.22,1204.2289,-0.01,31835.9628,-0.2,1471.9039,0.02
2024-07-23,73797.34946351244,30315.828500282834,1347.6853,0.02,1497.3453,0.02,1511.0125,0.02,1368.9556,0.02,1497.5232,0.02,1381.331,0.02,30342.7714,-0.22,1213.1104,-0.01,32160.638,-0.2,1476.9766,-0.01
2024-07-24,76515.95647908007,28937.836295724526,1307.3437,0.02,1445.8762,0.02,1475.3194,0.02,1299.9771,0.02,1480.9399,0.02,1337.8586,0.02,31374.9061,-0.22,1159.2307,0.02,34144.0818,-0.2,1490.4229,0.02
2024-07-25,76521.83352134943,28937.836295724526,1300.2586,0.02,1480.2425,0.02,1511.5831,0.02,1259.6893,0.02,1496.1844,0.02,1343.8808,0.02,31645.4032,-0.22,1186.9869,0.02,33807.3681,-0.2,1490.2366,0.02
2024-07-26,76532.27852319383,30315.828500282834,1319.4173,0.02,1500.6375,0.02,1538.7153,0.02,1257.5807,0.02,1518.4579,0.02,1333.1887,-0.01,31535.4845,-0.22,1209.845,0.02,33841.9043,-0.2,1477.0473,-0.01
2024-07-27,75772.50838703198,29626.83239800368,1324.478,0.02,1506.5336,-0.01,1512.593,0.02,1276.6327,0.02,1499.2576,0.02,1351.3787,0.02,31740.4958,-0.22,1196.7832,0.02,32895.0082,-0.2,1469.3474,0.02
2024-07-28,75772.50838703198,29626.83239800368,1324.478,0.02,1506.5336,-0.01,1512.593,0.02,1276.6327,0.02,1499.2576,0.02,1351.3787,0.02,31740.4958,-0.22,1196.7832,0.02,32895.0082,-0.2,1469.3474,0.02
2024-07-29,75772.50838703198,29626.83239800368,1324.478,0.02,1506.5336,-0.01,1512.593,0.02,1276.6327,0.02,1499.2576,0.02,1351.3787,0.02,31740.4958,-0.22,1196.7832,0.02,32895.0082,-0.2,1469.3474,0.02
2024-07-30,77594.96305320687,15157.914250141419,1313.7059,0.02,1500.7579,-0.01,1500.2561,0.02,1282.3558,0.02,1538.6622,0.02,1365.5264,0.02,32858.3384,0.44,1211.4777,0.02,33566.7985,-0.2,1457.0841,-0.01
2024-07-31,81139.47809211529,15846.910352420573,1351.8062,0.02,1485.9608,-0.01,1519.9249,0.02,1291.7687,0.02,1533.5756,-0.01,1375.4481,0.02,37068.1822,0.44,1201.7987,-0.01,32854.3587,-0.2,1456.6541,0.02
2024-08-01,79599.50071431129,17511.890157148482,1591.99,0.02,1591.99,-0.01,1591.99,0.02,1591.99,0.02,1591.99,0.02,1591.99,0.02,35023.7803,0.44,1591.99,0.02,31839.8003,-0.2,1591.99,-0.01
2024-08-02,79698.68553055282,19103.88017143471,1452.1383,0.02,1630.6757,-0.01,1618.1943,-0.01,1553.766,0.02,1641.0924,-0.01,1595.4393,0.02,34401.6161,0.44,1651.9086,-0.01,32514.4472,-0.2,1639.4077,0.02
2024-08-03,77926.95513057853,17511.890157148482,1392.6345,0.02,1644.8676,-0.01,1597.6686,0.02,1484.6827,0.02,1600.574,0.02,1539.6064,0.02,32214.4363,0.44,1665.7429,-0.01,33202.5624,-0.2,1584.1798,0.02
2024-08-04,77926.95513057853,17511.890157148482,1392.6345,0.02,1644.8676,-0.01,1597.6686,0.02,1484.6827,0.02,1600.574,0.02,1539.6064,0.02,32214.4363,0.44,1665.7429,-0.01,33202.5624,-0.2,1584.1798,0.02
2024-08-05,77926.95513057853,17511.890157148482,1392.6345,0.02,1644.8676,-0.01,1597.6686,0.02,1484.6827,0.02,1600.574,0.02,1539.6064,0.02,32214.4363,0.44,1665.7429,-0.01,33202.5624,-0.2,1584.1798,0.02
2024-08-06,79092.69078878337,17511.890157148482,1400.5048,0.02,1654.7546,-0.01,1646.2846,0.02,1475.7327,0.02,1639.6278,0.02,1562.8881,0.02,33433.1016,0.44,1637.7258,0.02,33055.6488,-0.2,1586.422,-0.01
2024-08-07,78081.65462063812,0.0,1407.7699,0.02,1636.7072,0.02,1643.057,0.02,1481.7926,0.02,1649.3563,0.02,1565.4749,0.02,31720.5581,0.44,1609.7088,0.02,33787.1439,0.4,1580.0859,0.02
2024-08-08,81596.56078418645,0.0,1433.9759,0.02,1693.1556,0.02,1695.304,0.02,1510.6005,0.02,1693.8496,0.02,1599.3195,0.02,33664.0059,0.44,1691.213,0.02,35034.6045,0.4,1580.5323,0.02
2024-08-09,81785.9427131757,795.995007143113,1443.8355,0.02,1683.5304,0.02,1705.8946,0.02,1525.8902,0.02,1709.506,0.02,1602.5529,0.02,33593.4525,0.44,1691.213,0.02,35238.9913,0.4,1591.0762,-0.01
2024-08-10,82617.57509684452,0.0,1442.6247,0.02,1645.6307,0.02,1694.6484,0.02,1513.0244,0.02,1692.9082,0.02,1609.0202,0.02,34962.8442,0.44,1650.4609,0.02,34796.7429,0.4,1609.6704,0.02
2024-08-11,82617.57509684452,0.0,1442.6247,0.02,1645.6307,0.02,1694.6484,0.02,1513.0244,0.02,1692.9082,0.02,1609.0202,0.02,34962.8442,0.44,1650.4609,0.02,34796.7429,0.4,1609.6704,0.02
2024-08-12,82617.57509684452,0.0,1442.6247,0.02,1645.6307,0.02,1694.6484,0.02,1513.0244,0.02,1692.9082,0.02,1609.0202,0.02,34962.8442,0.44,1650.4609,0.02,34796.7429,0.4,1609.6704,0.02
2024-08-13,86894.98666471444,1591.990014286226,1472.2901,0.02,1622.8994,-0.01,1708.6178,0.02,1530.4584,0.02,1715.364,0.02,1692.2306,0.02,37246.238,0.44,1691.213,0.02,36618.5981,0.4,1597.0772,-0.01
2024-08-14,86370.20007563736,1591.990014286226,1471.1659,0.02,1624.151,-0.01,1702.5157,0.02,1495.1243,0.02,1738.9358,0.02,1692.0151,-0.01,37868.3998,0.44,1683.572,0.02,35482.1412,0.4,1612.1793,0.02
2024-08-15,90505.0649746864,1591.990014286226,1535.9455,-0.01,1700.3946,0.02,1743.1131,0.02,1503.7949,0.02,1740.0516,0.02,1777.7794,0.02,39401.353,0.44,1759.9822,0.02,37730.3879,0.4,1612.2628,-0.01
2024-08-16,91474.92842729656,1591.990014286226,1538.2374,-0.01,1734.9018,0.02,1732.2198,0.02,1519.271,0.02,1758.3232,0.02,1769.9657,-0.01,39952.9566,0.44,1782.9053,0.02,38079.2531,0.4,1606.8944,0.02
2024-08-17,94531.316683686,2387.9850214293388,1533.1986,-0.01,1736.5911,-0.01,1738.1204,0.02,1553.8592,0.02,1759.7876,0.02,1771.0288,0.02,41691.1559,0.44,1900.0676,0.02,39242.1409,0.4,1605.3667,-0.01
2024-08-18,94531.316683686,2387.9850214293388,1533.1986,-0.01,1736.5911,-0.01,1738.1204,0.02,1553.8592,0.02,1759.7876,0.02,1771.0288,0.02,41691.1559,0.44,1900.0676,0.02,39242.1409,0.4,1605.3667,-0.01
2024-08-19,94531.316683686,2387.9850214293388,1533.1986,-0.01,1736.5911,-0.01,1738.1204,0.02,1553.8592,0.02,1759.7876,0.02,1771.0288,0.02,41691.1559,0.44,1900.0676,0.02,39242.1409,0.4,1605.3667,-0.01
2024-08-20,93386.03493186437,3183.980028572452,1530.3596,-0.01,1774.2248,-0.01,1731.312,0.02,1558.6138,0.02,1734.1935,0.02,1776.9833,0.02,40809.2284,0.44,1911.6339,-0.01,38956.7059,0.4,1602.7796,-0.01
2024-08-21,94156.03129665299,3183.980028572452,1525.0982,-0.01,1767.4087,-0.01,1729.6478,0.02,1546.2143,0.02,1735.7299,-0.01,1786.3402,0.02,41210.1081,0.44,1920.7774,-0.01,39339.0487,0.4,1595.658,0.02
2024-08-22,90414.15423285797,2387.9850214293388,1541.9487,-0.01,1770.8326,-0.01,1726.5714,0.02,1527.1022,0.02,1740.2401,0.02,1773.7934,0.02,39683.5688,0.44,1935.4147,-0.01,37117.2302,0.4,1597.4522,0.02
2024-08-23,94015.24245285834,1591.990014286226,1537.9654,-0.01,1793.3832,0.02,1757.0826,0.02,1544.07,0.02,1781.041,0.02,1787.4036,0.02,41489.1156,0.44,1892.4724,-0.01,38819.2741,0.4,1613.4346,0.02
2024-08-24,91892.26390066376,1591.990014286226,1544.6544,-0.01,1778.2128,0.02,1770.9511,0.02,1549.1044,0.02,1783.7568,-0.01,1792.2947,0.02,40555.8742,0.44,1930.2212,0.02,37566.5278,0.4,1620.6665,0.02
2024-08-25,91892.26390066376,1591.990014286226,1544.6544,-0.01,1778.2128,0.02,1770.9511,0.02,1549.1044,0.02,1783.7568,-0.01,1792.2947,0.02,40555.8742,0.44,1930.2212,0.02,37566.5278,0.4,1620.6665,0.02
2024-08-26,91892.26390066376,1591.990014286226,1544.6544,-0.01,1778.2128,0.02,1770.9511,0.02,1549.1044,0.02,1783.7568,-0.01,1792.2947,0.02,40555.8742,0.44,1930.2212,0.02,37566.5278,0.4,1620.6665,0.02
2024-08-27,91820.45925344611,2387.9850214293388,1555.1282,-0.01,1780.4206,-0.01,1770.7495,0.02,1535.3063,0.02,1781.6144,0.02,1813.7735,0.02,41145.9687,0.44,1955.387,0.02,36861.748,0.4,1620.363,-0.01
2024-08-28,90204.77992341355,795.995007143113,1565.5484,0.02,1792.5816,-0.01,1756.0234,0.02,1518.2454,0.02,1767.8112,0.02,1760.6085,0.02,40283.2806,0.44,1884.9226,0.02,36252.1123,0.4,1623.646,0.02
2024-08-29,87702.65424540531,2387.9850214293388,1577.6474,0.02,1784.4986,-0.01,1773.372,0.02,1508.2698,0.02,1791.5892,0.02,1770.6036,0.02,37711.2547,0.44,1820.4412,-0.01,36345.4954,0.4,1619.4824,-0.01
2024-08-30,89777.53669173556,795.995007143113,1636.1263,0.02,1799.8305,0.02,1795.8642,0.02,1523.1866,0.02,1802.7182,0.02,1771.8794,0.02,38282.1049,0.44,1824.9923,-0.01,37725.1022,0.4,1615.732,0.02
2024-08-31,85510.69959712778,2387.9850214293388,1615.5029,0.02,1869.5695,-0.01,1715.88,0.02,1467.0622,0.02,1844.3777,-0.01,1737.0613,0.02,34635.7309,0.44,1879.9094,-0.01,37106.6589,0.4,1638.9468,0.02
2024-09-01,85510.69959712778,2387.9850214293388,1615.5029,0.02,1869.5695,-0.01,1715.88,0.02,1467.0622,0.02,1844.3777,-0.01,1737.0613,0.02,34635.7309,0.44,1879.9094,-0.01,37106.6589,0.4,1638.9468,0.02
2024-09-02,85510.69959712778,2387.9850214293388,1615.5029,0.02,1869.5695,-0.01,1715.88,0.02,1467.0622,0.02,1844.3777,-0.01,1737.0613,0.02,34635.7309,0.44,1879.9094,-0.01,37106.6589,0.4,1638.9468,0.02
2024-09-03,85510.6995971278,2565.3209879138335,1710.214,0.02,1710.214,-0.01,1710.214,0.02,1710.214,0.02,1710.214,-0.01,1710.214,0.02,17102.1399,0.2,1710.214,-0.01,34204.2798,0.4,22232.7819,0.26
2024-09-04,86831.96524018285,2565.3209879138335,1681.8803,0.02,1698.6491,-0.01,1719.0533,-0.01,1700.3241,0.02,1721.3708,0.02,1703.9048,0.02,16818.6874,0.2,1715.9204,-0.01,35635.1422,0.4,22437.0329,0.26
2024-09-05,88475.43861927037,2565.3209879138335,1726.1275,0.02,1704.2445,-0.01,1702.7689,0.02,1708.91,0.02,1711.6876,0.02,1705.9062,-0.01,16977.0408,0.2,1741.7252,-0.01,37382.7104,0.4,22114.3177,0.26
2024-09-06,84383.00830826582,12826.604939569166,1663.0557,0.02,1728.561,-0.01,1681.3285,0.02,1640.223,0.02,1682.6729,0.02,1708.0207,-0.01,16283.4537,0.2,1681.7484,0.02,34225.3919,0.4,22088.5525,-0.13
2024-09-07,85890.55220769803,1710.2139919425556,1701.9661,0.02,1786.5746,0.02,1705.2192,0.02,1618.3491,0.02,1714.1084,0.02,1720.2248,-0.01,16859.8598,0.2,1673.4141,-0.01,35125.164,0.4,21985.672,0.26
2024-09-08,85890.55220769803,1710.2139919425556,1701.9661,0.02,1786.5746,0.02,1705.2192,0.02,1618.3491,0.02,1714.1084,0.02,1720.2248,-0.01,16859.8598,0.2,1673.4141,-0.01,35125.164,0.4,21985.672,0.26
2024-09-09,85890.55220769803,1710.2139919425556,1701.9661,0.02,1786.5746,0.02,1705.2192,0.02,1618.3491,0.02,1714.1084,0.02,1720.2248,-0.01,16859.8598,0.2,1673.4141,-0.01,35125.164,0.4,21985.672,0.26
2024-09-10,87928.16174931428,1710.2139919425556,1742.235,0.02,1802.3538,-0.01,1705.8318,0.02,1617.805,0.02,1638.8879,0.02,1735.5764,-0.01,17117.975,0.2,1666.3234,0.02,36733.0564,0.4,22168.1169,0.26
2024-09-11,89443.02150526887,1710.2139919425556,1790.4607,0.02,1795.3018,-0.01,1710.12,0.02,1645.0114,0.02,1653.0619,0.02,1732.1417,-0.01,18513.0663,0.2,1727.7764,0.02,37051.3879,0.4,21824.6934,0.26
2024-09-12,90242.7450744597,11971.49794359789,1814.5249,0.02,1811.3263,0.02,1733.4998,0.02,1683.427,0.02,1663.2012,0.02,1732.1417,-0.01,18867.8076,0.2,1763.2301,0.02,37324.2414,0.4,21849.3449,-0.13
2024-09-13,90699.01070735381,1710.2139919425556,1809.5763,0.02,1845.663,-0.01,1762.7507,0.02,1713.5718,0.02,1680.4977,0.02,1725.4422,-0.01,18861.4723,0.2,1829.4103,0.02,37402.1992,0.4,22068.4273,0.26
2024-09-14,89747.22967828016,1710.2139919425556,1794.0509,0.02,1852.8868,-0.01,1776.2785,0.02,1720.1013,0.02,1702.1447,0.02,1716.8801,-0.01,18494.0617,0.2,1905.045,0.02,36832.1288,0.4,21953.652,0.26
2024-09-15,89747.22967828016,1710.2139919425556,1794.0509,0.02,1852.8868,-0.01,1776.2785,0.02,1720.1013,0.02,1702.1447,0.02,1716.8801,-0.01,18494.0617,0.2,1905.045,0.02,36832.1288,0.4,21953.652,0.26
2024-09-16,89747.22967828016,1710.2139919425556,1794.0509,0.02,1852.8868,-0.01,1776.2785,0.02,1720.1013,0.02,1702.1447,0.02,1716.8801,-0.01,18494.0617,0.2,1905.045,0.02,36832.1288,0.4,21953.652,0.26
2024-09-17,90010.43326009624,12826.604939569166,1813.3606,0.02,1847.904,-0.01,1805.5293,0.02,1733.8134,0.02,1702.9516,0.02,1707.9147,-0.01,18305.6053,0.2,1919.2263,0.02,37009.1588,0.4,22164.9693,-0.13
2024-09-18,89653.13670464235,3420.427983885111,1808.9939,-0.01,1855.513,-0.01,1812.8291,0.02,1731.1532,-0.01,1700.1097,0.02,1705.168,-0.01,17954.0322,0.2,1916.8627,0.02,36900.3421,0.4,22268.1328,0.26
2024-09-19,93302.80301693312,13681.711935540445,1792.3042,-0.01,1849.2924,0.02,1905.6862,0.02,1756.3931,0.02,1767.6468,0.02,1704.3255,-0.01,18666.6818,0.2,1907.4777,-0.01,39615.8957,0.4,22337.0994,-0.13
2024-09-20,92261.05013627573,14536.818931511722,1784.1388,-0.01,1857.1174,-0.01,1882.7654,0.02,1772.1003,0.02,1777.1964,-0.01,1820.9217,0.02,18370.5358,0.2,1923.9929,-0.01,38695.0116,0.4,22377.2697,-0.13
2024-09-21,94087.39497430358,3420.427983885111,1773.5234,-0.01,1839.1484,-0.01,1894.7619,0.02,1753.2516,0.02,1779.0176,-0.01,1824.2985,-0.01,18411.7119,0.2,1892.9222,0.02,40603.37,0.4,22315.3894,0.26
2024-09-22,94087.39497430358,3420.427983885111,1773.5234,-0.01,1839.1484,-0.01,1894.7619,0.02,1753.2516,0.02,1779.0176,-0.01,1824.2985,-0.01,18411.7119,0.2,1892.9222,0.02,40603.37,0.4,22315.3894,0.26
2024-09-23,94087.39497430358,3420.427983885111,1773.5234,-0.01,1839.1484,-0.01,1894.7619,0.02,1753.2516,0.02,1779.0176,-0.01,1824.2985,-0.01,18411.7119,0.2,1892.9222,0.02,40603.37,0.4,22315.3894,0.26
2024-09-24,95557.73343188858,11971.49794359789,1773.1575,-0.01,1833.3826,0.02,1970.1092,0.02,1758.0178,0.02,1781.1992,0.02,1850.9645,0.02,19141.782,0.2,1871.4117,0.02,41296.8762,0.4,22280.8326,-0.13
2024-09-25,96379.84293454344,13681.711935540445,1779.694,-0.01,1854.8761,-0.01,1930.9041,0.02,1749.3519,0.02,1756.5926,0.02,1862.3929,0.02,19559.871,0.2,1883.4777,-0.01,41743.5108,0.4,22259.1718,-0.13
2024-09-26,96077.9358493975,1710.2139919425556,1786.0259,-0.01,1883.6339,0.02,1995.7865,0.02,1762.7842,0.02,1777.2651,0.02,1847.8562,-0.01,19643.8049,0.2,1890.7875,0.02,41288.755,0.4,22201.2366,0.26
2024-09-27,96609.82147838472,12826.604939569166,1800.9281,-0.01,1873.1212,-0.01,1996.3989,0.02,1776.0,0.02,1782.9518,0.02,1848.8898,0.02,19225.7171,0.2,1937.0824,0.02,42302.2136,0.4,22066.5185,-0.13
2024-09-28,96912.74568333509,1710.2139919425556,1808.7845,-0.01,1899.3029,-0.01,1996.6032,0.02,1796.5819,0.02,1770.7914,0.02,1827.3912,0.02,19232.0512,0.2,1915.1533,0.02,42492.2395,0.4,22173.8466,0.26
2024-09-29,96912.74568333509,1710.2139919425556,1808.7845,-0.01,1899.3029,-0.01,1996.6032,0.02,1796.5819,0.02,1770.7914,0.02,1827.3912,0.02,19232.0512,0.2,1915.1533,0.02,42492.2395,0.4,22173.8466,0.26
2024-09-30,96912.74568333509,1710.2139919425556,1808.7845,-0.01,1899.3029,-0.01,1996.6032,0.02,1796.5819,0.02,1770.7914,0.02,1827.3912,0.02,19232.0512,0.2,1915.1533,0.02,42492.2395,0.4,22173.8466,0.26
2024-10-01,95642.76744014864,1912.855348802973,1912.8553,-0.01,1912.8553,0.02,1912.8553,0.02,1912.8553,0.02,1912.8553,0.02,24867.1195,0.26,19128.5535,0.2,1912.8553,0.02,38257.107,0.4,1912.8553,-0.01
2024-10-02,92941.59612963675,956.4276744014865,1914.7669,0.02,1896.3588,0.02,1920.9476,0.02,1899.9113,0.02,1919.9577,0.02,23184.7589,0.26,19431.0142,0.2,1952.9676,0.02,36922.6624,0.4,1898.2508,-0.01
2024-10-03,92036.89038532696,956.4276744014865,1885.7491,0.02,1911.2299,-0.01,1906.518,0.02,1899.9113,0.02,1896.9725,0.02,22905.7615,0.26,20084.982,0.2,1962.9957,0.02,35683.1094,0.4,1899.661,0.02
2024-10-04,94139.16052628822,956.4276744014865,1932.9031,0.02,1968.1147,0.02,1935.7673,0.02,1913.6571,0.02,1932.3285,0.02,22947.6113,0.26,20423.4098,0.2,2103.3888,0.02,37079.8302,0.4,1902.1496,-0.01
2024-10-05,92766.05344577918,1912.855348802973,1873.7274,0.02,1979.6695,0.02,1941.4221,0.02,1866.9211,0.02,1930.2211,0.02,22551.4339,0.26,20881.188,0.2,2118.5942,-0.01,35708.3154,0.4,1914.5607,-0.01
2024-10-06,92766.05344577918,1912.855348802973,1873.7274,0.02,1979.6695,0.02,1941.4221,0.02,1866.9211,0.02,1930.2211,0.02,22551.4339,0.26,20881.188,0.2,2118.5942,-0.01,35708.3154,0.4,1914.5607,-0.01
2024-10-07,92766.05344577918,1912.855348802973,1873.7274,0.02,1979.6695,0.02,1941.4221,0.02,1866.9211,0.02,1930.2211,0.02,22551.4339,0.26,20881.188,0.2,2118.5942,-0.01,35708.3154,0.4,1914.5607,-0.01
2024-10-08,94179.27388900833,1912.855348802973,1893.6254,0.02,1987.7178,-0.01,1891.2597,0.02,1882.9581,0.02,1937.8309,0.02,22534.6927,0.26,21726.4405,0.2,2154.459,0.02,36252.4729,0.4,1917.817,-0.01
2024-10-09,93533.21570091379,14346.415116022295,1919.016,0.02,2022.5441,-0.01,1931.38,0.02,1854.0916,0.02,1971.4309,0.02,22303.9276,-0.13,21687.2014,0.2,2200.5712,0.02,35740.9354,0.4,1902.1176,-0.01
2024-10-10,93653.31800554204,15302.842790423783,1934.354,0.02,2041.4234,-0.01,1933.5737,0.02,1856.6116,0.02,1974.2859,-0.01,22351.4186,-0.13,22040.3439,0.2,2195.4655,-0.01,35402.8757,0.4,1922.9658,0.02
2024-10-11,90713.08002668376,14346.415116022295,1956.843,0.02,2011.4648,-0.01,1959.8005,0.02,1869.8994,0.02,2023.592,0.02,22344.6159,-0.13,22038.7097,0.2,2292.1372,0.02,32293.6143,0.4,1922.403,-0.01
2024-10-12,91319.60236037396,15302.842790423781,1943.5775,0.02,1984.4269,0.02,1920.4602,0.02,1889.6018,0.02,2011.0691,-0.01,22419.7925,-0.13,22573.3309,0.2,2171.3816,-0.01,32495.2642,0.4,1910.6976,-0.01
2024-10-13,91319.60236037396,15302.842790423781,1943.5775,0.02,1984.4269,0.02,1920.4602,0.02,1889.6018,0.02,2011.0691,-0.01,22419.7925,-0.13,22573.3309,0.2,2171.3816,-0.01,32495.2642,0.4,1910.6976,-0.01
2024-10-14,91319.60236037396,15302.842790423781,1943.5775,0.02,1984.4269,0.02,1920.4602,0.02,1889.6018,0.02,2011.0691,-0.01,22419.7925,-0.13,22573.3309,0.2,2171.3816,-0.01,32495.2642,0.4,1910.6976,-0.01
2024-10-15,90342.77102215392,15302.842790423781,1945.1322,0.02,2029.1794,0.02,1891.4058,0.02,1895.3294,0.02,2011.7812,-0.01,22348.6968,-0.13,21515.5375,0.2,2156.399,-0.01,32556.0562,0.4,1993.2537,-0.01
2024-10-16,91056.10642134587,13389.98744162081,1936.8413,0.02,2063.1432,0.02,1918.8514,0.02,1891.8928,0.02,2040.588,0.02,22105.0848,-0.13,22189.1224,0.2,2126.7431,0.02,32817.0139,0.4,1966.8257,-0.01
2024-10-17,91190.11175014627,15302.842790423783,1943.474,-0.01,2060.4181,-0.01,1923.0926,0.02,1866.3482,0.02,2042.246,-0.01,22176.5331,-0.13,22386.9474,0.2,2090.7325,0.02,32751.7739,0.4,1948.546,0.02
2024-10-18,91166.13559664528,3825.710697605946,1935.9085,-0.01,2062.4775,-0.01,1920.0214,0.02,1871.9613,0.02,2040.3159,0.02,22048.8985,0.26,22561.8845,0.2,2058.653,-0.01,32723.6019,0.4,1942.4131,-0.01
2024-10-19,91994.93833920384,23910.691860037165,1935.4988,-0.01,2031.1383,-0.01,1910.3835,0.02,1879.407,0.02,1999.0076,0.02,22242.8806,-0.13,23495.4239,-0.1,2103.1424,0.02,32449.3003,0.4,1948.7559,0.02
2024-10-20,91994.93833920384,23910.691860037165,1935.4988,-0.01,2031.1383,-0.01,1910.3835,0.02,1879.407,0.02,1999.0076,0.02,22242.8806,-0.13,23495.4239,-0.1,2103.1424,0.02,32449.3003,0.4,1948.7559,0.02
2024-10-21,91994.93833920384,23910.691860037165,1935.4988,-0.01,2031.1383,-0.01,1910.3835,0.02,1879.407,0.02,1999.0076,0.02,22242.8806,-0.13,23495.4239,-0.1,2103.1424,0.02,32449.3003,0.4,1948.7559,0.02
2024-10-22,91889.49650346648,11477.13209281784,1932.2742,-0.01,2030.7572,-0.01,1900.5007,0.02,1891.6637,0.02,2000.938,0.02,22226.5002,0.26,23505.2337,-0.1,2139.543,0.02,32318.8203,0.4,1943.2656,0.02
2024-10-23,91180.35486996292,11477.132092817837,1957.6881,0.02,2048.9071,-0.01,1887.1446,0.02,1864.6301,0.02,1996.6915,0.02,21852.5113,0.26,23835.083,-0.1,2107.187,0.02,31678.2847,0.4,1952.2274,-0.01
2024-10-24,98191.47281189266,23910.69186003716,1975.3879,0.02,2061.1482,-0.01,1893.6514,0.02,1863.9428,0.02,2024.8736,0.02,21991.6881,-0.13,23762.4981,-0.1,2057.4385,-0.01,38621.859,0.4,1938.9853,0.02
2024-10-25,99396.2744300653,24867.119534438647,1990.756,0.02,2062.411,-0.01,1888.3187,0.02,1893.1529,0.02,1978.9325,0.02,22018.1679,-0.13,23666.8802,-0.1,2051.8145,-0.01,39913.3058,0.4,1932.5349,-0.01
2024-10-26,98583.62072226382,23910.69186003716,1996.6913,0.02,2091.7648,-0.01,1911.0194,0.02,1909.7624,0.02,2021.3218,0.02,22009.7948,-0.13,23752.1571,-0.1,2033.3957,-0.01,38922.8508,0.4,1934.8627,0.02
2024-10-27,98583.62072226382,23910.69186003716,1996.6913,0.02,2091.7648,-0.01,1911.0194,0.02,1909.7624,0.02,2021.3218,0.02,22009.7948,-0.13,23752.1571,-0.1,2033.3957,-0.01,38922.8508,0.4,1934.8627,0.02
2024-10-28,98583.62072226382,23910.69186003716,1996.6913,0.02,2091.7648,-0.01,1911.0194,0.02,1909.7624,0.02,2021.3218,0.02,22009.7948,-0.13,23752.1571,-0.1,2033.3957,-0.01,38922.8508,0.4,1934.8627,0.02
2024-10-29,98040.16895213396,22954.264185635675,2022.5522,0.02,2076.0497,-0.01,1895.8531,0.02,1943.6689,0.02,2024.0244,0.02,22081.2675,-0.13,23690.461,-0.1,1902.5607,0.02,38479.5148,0.4,1924.2168,0.02
2024-10-30,98152.30116024,23910.69186003716,2042.6896,0.02,2067.2176,-0.01,1855.3929,0.02,1998.4234,0.02,2024.4876,0.02,22361.1068,-0.13,23850.6335,-0.1,1837.8728,-0.01,38187.419,0.4,1927.058,0.02
2024-10-31,97364.78003455915,24867.119534438647,1975.5998,0.02,2101.4092,-0.01,1840.5201,0.02,1960.0495,0.02,1998.969,0.02,22262.317,-0.13,24413.778,-0.1,1841.9816,-0.01,37045.7283,0.4,1924.4276,-0.01
2024-11-01,97054.776142274,11646.57313707288,1941.0955,0.02,1941.0955,0.02,1941.0955,0.02,1941.0955,0.02,1941.0955,0.02,1941.0955,-0.01,19410.9552,-0.1,25234.2418,0.26,38821.9105,0.4,1941.0955,-0.01
2024-11-02,95638.41867441985,11646.57313707288,1920.0106,0.02,1938.0889,-0.01,1925.1937,0.02,1917.8646,0.02,1911.6438,0.02,1952.0038,-0.01,19364.3626,-0.1,24937.0992,0.26,37864.5383,0.4,1907.6131,0.02
2024-11-03,95638.41867441985,11646.57313707288,1920.0106,0.02,1938.0889,-0.01,1925.1937,0.02,1917.8646,0.02,1911.6438,0.02,1952.0038,-0.01,19364.3626,-0.1,24937.0992,0.26,37864.5383,0.4,1907.6131,0.02
2024-11-04,95638.41867441985,11646.57313707288,1920.0106,0.02,1938.0889,-0.01,1925.1937,0.02,1917.8646,0.02,1911.6438,0.02,1952.0038,-0.01,19364.3626,-0.1,24937.0992,0.26,37864.5383,0.4,1907.6131,0.02
2024-11-05,96306.82700254442,24263.6940355685,1956.4926,0.02,1964.0346,-0.01,1960.2187,0.02,1923.5308,0.02,1969.5384,0.02,1971.9815,0.02,19089.6611,-0.1,24373.9127,-0.13,39205.4841,0.4,1891.9726,-0.01
2024-11-06,103197.56269517963,10676.02537565014,2030.9275,0.02,1914.0883,0.02,2131.5595,0.02,2000.2498,0.02,2227.5039,0.02,2006.5007,-0.01,18700.8007,-0.1,25206.2975,0.26,44988.6978,0.4,1990.9371,0.02
2024-11-07,104352.63222267012,23293.14627414576,2059.9562,0.02,1963.7744,0.02,2087.2287,0.02,2048.2985,0.02,2253.769,-0.01,2022.4845,0.02,18490.8154,-0.1,25110.7995,-0.13,46295.3401,0.4,2020.1659,0.02
2024-11-08,110562.88297001053,13587.668659918361,2041.6171,0.02,1959.2378,-0.01,2126.2349,-0.01,2021.1012,0.02,2281.2168,0.02,2023.0175,-0.01,18568.4406,-0.1,27453.0687,0.26,50085.8476,0.4,2003.1008,-0.01
2024-11-09,114114.43384448532,45615.74478686878,2028.4758,0.02,1977.0445,-0.01,2143.3693,0.02,2009.8634,-0.01,2256.3121,-0.01,2013.4874,-0.01,18717.4866,-0.1,26361.2529,-0.13,54573.3348,-0.2,2033.8071,0.02
2024-11-10,114114.43384448532,45615.74478686878,2028.4758,0.02,1977.0445,-0.01,2143.3693,0.02,2009.8634,-0.01,2256.3121,-0.01,2013.4874,-0.01,18717.4866,-0.1,26361.2529,-0.13,54573.3348,-0.2,2033.8071,0.02
2024-11-11,114114.43384448532,45615.74478686878,2028.4758,0.02,1977.0445,-0.01,2143.3693,0.02,2009.8634,-0.01,2256.3121,-0.01,2013.4874,-0.01,18717.4866,-0.1,26361.2529,-0.13,54573.3348,-0.2,2033.8071,0.02
2024-11-12,115949.83434979281,45615.74478686879,2048.7763,-0.01,2002.686,-0.01,2124.2891,0.02,2024.0164,0.02,2274.798,-0.01,2015.0646,0.02,18522.2716,-0.1,26636.4003,-0.13,56250.2962,-0.2,2051.2359,-0.01
2024-11-13,115281.10618503364,32998.623888373164,2023.3271,-0.01,2039.5474,-0.01,2092.1823,0.02,1993.4814,0.02,2281.0549,0.02,2016.9073,-0.01,18648.4258,-0.1,26019.6391,0.26,56100.462,-0.2,2066.0789,-0.01
2024-11-14,116869.29855514085,43674.649264023305,2035.7072,-0.01,2053.0124,-0.01,2093.7496,0.02,1956.7052,0.02,2259.5196,0.02,1994.7667,0.02,18617.1904,-0.1,26116.5472,-0.13,57719.3978,-0.2,2022.7024,0.02
2024-11-15,116095.06715900806,44645.19702544605,2078.3985,-0.01,2083.4792,0.02,2075.9668,0.02,1922.2696,0.02,2278.4446,0.02,1981.9754,-0.01,18920.3726,-0.1,25895.2568,-0.13,56834.6309,-0.2,2024.2729,-0.01
2024-11-16,115276.25021618574,31057.52836552768,2083.066,-0.01,2138.1706,0.02,2078.0746,0.02,1953.5849,0.02,2257.1396,0.02,2005.2603,-0.01,19042.3066,-0.1,26465.2188,0.26,55237.9742,-0.2,2015.4546,0.02
2024-11-17,115276.25021618574,31057.52836552768,2083.066,-0.01,2138.1706,0.02,2078.0746,0.02,1953.5849,0.02,2257.1396,0.02,2005.2603,-0.01,19042.3066,-0.1,26465.2188,0.26,55237.9742,-0.2,2015.4546,0.02
2024-11-18,115276.25021618574,31057.52836552768,2083.066,-0.01,2138.1706,0.02,2078.0746,0.02,1953.5849,0.02,2257.1396,0.02,2005.2603,-0.01,19042.3066,-0.1,26465.2188,0.26,55237.9742,-0.2,2015.4546,0.02
2024-11-19,115084.9539229129,30086.98060410494,2068.0394,-0.01,2163.8817,0.02,2066.5616,0.02,1985.0116,0.02,2231.7656,0.02,1979.0198,0.02,18576.2694,-0.1,27396.1557,0.26,54646.0332,-0.2,1972.216,0.02
2024-11-20,115902.26940681977,32028.07612695042,2076.7821,-0.01,2171.0153,0.02,2062.0753,0.02,1961.1629,0.02,2233.8767,0.02,1986.4246,-0.01,18647.0311,-0.1,27871.1237,0.26,54959.5372,-0.2,1933.2404,-0.01
2024-11-21,116705.81547518185,32028.076126950422,2099.8142,-0.01,2191.132,-0.01,2105.8032,0.02,1868.1087,0.02,2288.3101,0.02,1963.278,-0.01,18597.1825,-0.1,28517.0805,0.26,55151.5561,-0.2,1923.5501,0.02
2024-11-22,117147.26946487682,31057.52836552768,2106.4827,0.02,2147.5482,-0.01,2148.5042,0.02,1836.1245,0.02,2313.9148,0.02,2023.405,0.02,18896.4216,-0.1,29638.0054,0.26,54102.5673,-0.2,1934.2957,-0.01
2024-11-23,119006.79359682921,30086.98060410494,2152.7544,0.02,2202.3555,0.02,2192.6104,0.02,1868.3314,0.02,2314.8743,0.02,2072.0295,0.02,19291.1225,-0.1,29827.9915,0.26,55174.4599,-0.2,1910.2642,-0.01
2024-11-24,119006.79359682921,30086.98060410494,2152.7544,0.02,2202.3555,0.02,2192.6104,0.02,1868.3314,0.02,2314.8743,0.02,2072.0295,0.02,19291.1225,-0.1,29827.9915,0.26,55174.4599,-0.2,1910.2642,-0.01
2024-11-25,119006.79359682921,30086.98060410494,2152.7544,0.02,2202.3555,0.02,2192.6104,0.02,1868.3314,0.02,2314.8743,0.02,2072.0295,0.02,19291.1225,-0.1,29827.9915,0.26,55174.4599,-0.2,1910.2642,-0.01
2024-11-26,119242.66974505012,43674.649264023305,2221.2536,0.02,2219.3816,-0.01,2204.3936,0.02,1884.7134,0.02,2310.148,-0.01,2028.8948,0.02,19227.3014,-0.1,30029.5019,-0.13,55203.7904,-0.2,1913.2911,0.02
2024-11-27,120971.3204453093,31057.52836552768,2198.5987,0.02,2207.4077,-0.01,2182.0703,0.02,1885.9394,0.02,2309.8807,0.02,2047.9785,0.02,19338.2392,-0.1,31250.8459,0.26,55639.5708,-0.2,1910.7893,-0.01
2024-11-28,119500.77335960123,42704.10150260056,2221.5742,0.02,2185.7155,-0.01,2195.0968,0.02,1882.819,0.02,2321.8609,0.02,2059.2197,0.02,19130.3391,-0.1,30973.4811,-0.13,54614.1617,-0.2,1916.5055,0.02
2024-11-29,119500.77335960123,42704.10150260056,2221.5742,0.02,2185.7155,-0.01,2195.0968,0.02,1882.819,0.02,2321.8609,0.02,2059.2197,0.02,19130.3391,-0.1,30973.4811,-0.13,54614.1617,-0.2,1916.5055,0.02
2024-11-30,117624.9641735123,31057.52836552768,2251.7096,0.02,2178.0226,-0.01,2175.6383,0.02,1911.1254,0.02,2307.061,0.02,2078.1381,0.02,19104.0478,-0.1,30029.7431,0.26,53670.329,-0.2,1919.1492,-0.01
2024-12-01,117624.9641735123,31057.52836552768,2251.7096,0.02,2178.0226,-0.01,2175.6383,0.02,1911.1254,0.02,2307.061,0.02,2078.1381,0.02,19104.0478,-0.1,30029.7431,0.26,53670.329,-0.2,1919.1492,-0.01
2024-12-02,117624.9641735123,37639.98853552394,2352.4993,0.02,2352.4993,-0.01,2352.4993,0.02,2352.4993,0.02,2352.4993,0.02,2352.4993,0.02,23524.9928,-0.1,30582.4907,0.26,47049.9857,-0.2,2352.4993,-0.01
2024-12-03,117911.14815300069,52931.23387808054,2382.9787,0.02,2364.157,-0.01,2333.5044,0.02,2350.4414,0.02,2353.9458,0.02,2345.6582,0.02,23386.6908,-0.1,30611.3645,-0.13,47423.5226,-0.2,2358.8847,-0.01
2024-12-04,116714.5984246336,52931.23387808054,2435.6757,-0.01,2339.5328,-0.01,2334.9656,0.02,2392.007,0.02,2340.7702,0.02,2331.0834,0.02,22979.8493,-0.1,30195.8922,-0.13,46984.2674,-0.2,2380.5548,0.02
2024-12-05,114544.96065086157,37639.98853552394,2422.334,-0.01,2351.523,-0.01,2308.4896,0.02,2368.275,0.02,2333.3026,0.02,2337.3297,0.02,22985.3918,-0.1,28956.2323,0.26,46225.5464,-0.2,2256.5363,0.02
2024-12-06,114296.83746729558,38816.23817725906,2386.7486,-0.01,2372.3597,-0.01,2308.7818,0.02,2396.6714,0.02,2344.5625,0.02,2346.5505,0.02,23192.9666,-0.1,29640.8221,0.26,44991.3715,-0.2,2316.0029,-0.01
2024-12-07,114999.06866895023,52931.23387808054,2391.6897,-0.01,2348.7512,-0.01,2333.5044,0.02,2408.4822,0.02,2322.8246,0.02,2309.3697,0.02,23488.4966,-0.1,30066.1074,-0.13,44958.4269,-0.2,2371.4159,0.02
2024-12-08,114999.06866895023,52931.23387808054,2391.6897,-0.01,2348.7512,-0.01,2333.5044,0.02,2408.4822,0.02,2322.8246,0.02,2309.3697,0.02,23488.4966,-0.1,30066.1074,-0.13,44958.4269,-0.2,2371.4159,0.02
2024-12-09,114999.06866895023,52931.23387808054,2391.6897,-0.01,2348.7512,-0.01,2333.5044,0.02,2408.4822,0.02,2322.8246,0.02,2309.3697,0.02,23488.4966,-0.1,30066.1074,-0.13,44958.4269,-0.2,2371.4159,0.02
2024-12-10,114111.4612406255,37639.98853552394,2397.2434,-0.01,2297.6711,-0.01,2269.9739,0.02,2543.0727,0.02,2287.2857,0.02,2282.5995,0.02,23804.9246,-0.1,29525.4201,0.26,44312.5232,-0.2,2390.7469,0.02
2024-12-11,113943.7591568664,38816.23817725906,2369.4403,-0.01,2284.7592,-0.01,2272.7791,0.02,2683.5685,0.02,2316.7255,0.02,2345.3606,0.02,23431.2938,-0.1,30780.5876,0.26,42998.5855,-0.2,2460.6589,-0.01
2024-12-12,114281.51721555142,38816.23817725906,2376.0775,-0.01,2272.5366,-0.01,2225.4967,0.02,2636.3247,0.02,2313.0113,0.02,2318.888,0.02,23596.9663,-0.1,30703.3466,0.26,43336.1798,-0.2,2502.6897,-0.01
2024-12-13,114235.0961840699,39992.48781899418,2383.9123,-0.01,2259.7752,-0.01,2223.9186,0.02,2651.1438,-0.01,2289.0449,0.02,2297.7694,0.02,23862.419,-0.1,31379.2072,0.26,42396.5898,-0.2,2491.3161,-0.01
2024-12-14,114300.61039817298,41168.7374607293,2355.248,-0.01,2236.6902,-0.01,2214.6257,0.02,2604.6313,-0.01,2292.3682,0.02,2298.5134,-0.01,24062.3834,-0.1,32595.7533,0.26,41094.7494,-0.2,2545.6475,-0.01
2024-12-15,114300.61039817298,41168.7374607293,2355.248,-0.01,2236.6902,-0.01,2214.6257,0.02,2604.6313,-0.01,2292.3682,0.02,2298.5134,-0.01,24062.3834,-0.1,32595.7533,0.26,41094.7494,-0.2,2545.6475,-0.01
2024-12-16,114300.61039817298,41168.7374607293,2355.248,-0.01,2236.6902,-0.01,2214.6257,0.02,2604.6313,-0.01,2292.3682,0.02,2298.5134,-0.01,24062.3834,-0.1,32595.7533,0.26,41094.7494,-0.2,2545.6475,-0.01
2024-12-17,113866.24339842144,55283.73316155079,2364.2472,-0.01,2237.5948,-0.01,2196.3906,0.02,2588.2083,0.02,2246.8203,0.02,2286.6957,-0.01,24209.1275,-0.1,32810.2648,-0.13,40347.4432,-0.2,2579.451,-0.01
2024-12-18,117010.55672960843,52931.23387808054,2418.61,-0.01,2240.2506,-0.01,2126.7818,0.02,2495.233,0.02,2151.3066,0.02,2254.4475,0.02,24346.5207,-0.1,34304.789,-0.13,42017.7253,-0.2,2654.8923,0.02
2024-12-19,117193.63219906777,56459.98280328591,2403.4197,-0.01,2212.1087,-0.01,2137.1435,-0.01,2494.5048,-0.01,2165.9288,0.02,2251.5216,-0.01,24179.3767,-0.1,34543.6119,-0.13,42206.7488,-0.2,2599.2677,0.02
2024-12-20,117223.1488550601,56459.98280328591,2394.6473,-0.01,2210.1744,-0.01,2120.5266,-0.01,2532.8799,0.02,2213.2751,0.02,2253.8614,-0.01,23807.4713,-0.1,34181.6511,-0.13,42937.8223,-0.2,2570.8395,-0.01
2024-12-21,116982.47675713102,39992.48781899418,2393.902,-0.01,2208.0589,-0.01,2116.7611,0.02,2575.4894,0.02,2204.1826,-0.01,2256.5024,-0.01,23368.2613,-0.1,34805.1594,0.26,42451.3985,-0.2,2602.761,0.02
2024-12-22,116982.47675713102,39992.48781899418,2393.902,-0.01,2208.0589,-0.01,2116.7611,0.02,2575.4894,0.02,2204.1826,-0.01,2256.5024,-0.01,23368.2613,-0.1,34805.1594,0.26,42451.3985,-0.2,2602.761,0.02
2024-12-23,116982.47675713102,39992.48781899418,2393.902,-0.01,2208.0589,-0.01,2116.7611,0.02,2575.4894,0.02,2204.1826,-0.01,2256.5024,-0.01,23368.2613,-0.1,34805.1594,0.26,42451.3985,-0.2,2602.761,0.02
2024-12-24,116322.68855369271,37639.98853552394,2372.6817,-0.01,2228.5625,0.02,2129.3901,0.02,2595.0738,0.02,2250.5615,0.02,2257.3843,0.02,23322.2507,-0.1,35673.6191,0.26,40889.7869,-0.2,2603.3781,-0.01
2024-12-25,117972.25532424852,39992.48781899418,2383.0405,-0.01,2222.1287,-0.01,2126.7832,0.02,2588.3252,0.02,2244.5372,0.02,2255.1827,-0.01,23346.3687,-0.1,36965.1731,0.26,41250.2302,-0.2,2590.4859,-0.01
2024-12-26,117972.25532424852,39992.48781899418,2383.0405,-0.01,2222.1287,-0.01,2126.7832,0.02,2588.3252,0.02,2244.5372,0.02,2255.1827,-0.01,23346.3687,-0.1,36965.1731,0.26,41250.2302,-0.2,2590.4859,-0.01
2024-12-27,117822.23370869325,39992.48781899418,2400.3584,-0.01,2220.0374,-0.01,2133.3599,-0.01,2550.744,0.02,2225.0357,0.02,2262.8425,-0.01,23589.9596,-0.1,35584.5443,0.26,42270.7449,-0.2,2584.607,0.02
2024-12-28,117729.60493734347,39992.48781899418,2413.5,-0.01,2246.1023,-0.01,2122.5431,0.02,2530.6304,0.02,2214.8794,0.02,2289.512,-0.01,23548.6362,-0.1,34805.1594,0.26,42968.4678,-0.2,2590.1744,-0.01
2024-12-29,117729.60493734347,39992.48781899418,2413.5,-0.01,2246.1023,-0.01,2122.5431,0.02,2530.6304,0.02,2214.8794,0.02,2289.512,-0.01,23548.6362,-0.1,34805.1594,0.26,42968.4678,-0.2,2590.1744,-0.01
2024-12-30,117729.60493734347,39992.48781899418,2413.5,-0.01,2246.1023,-0.01,2122.5431,0.02,2530.6304,0.02,2214.8794,0.02,2289.512,-0.01,23548.6362,-0.1,34805.1594,0.26,42968.4678,-0.2,2590.1744,-0.01
2024-12-31,118141.38486703517,38816.23817725906,2423.9152,-0.01,2243.2453,-0.01,2121.0811,0.02,2504.9588,0.02,2211.288,0.02,2274.0289,-0.01,23822.6776,-0.1,34292.9903,0.26,43666.9207,-0.2,2580.2789,0.02
2025-01-01,116330.32038178586,38816.23817725906,2419.3301,-0.01,2276.4775,-0.01,2103.5983,0.02,2506.6789,0.02,2220.3629,0.02,2304.6899,-0.01,23466.1087,-0.1,31464.933,0.26,44994.7479,-0.2,2573.3929,0.02
2025-01-02,116330.32038178586,38389.00572598934,2326.6064,-0.01,2326.6064,-0.01,2326.6064,0.02,2326.6064,0.02,2326.6064,0.02,2326.6064,-0.01,23266.0641,-0.1,30245.8833,0.26,46532.1282,-0.2,2326.6064,0.02
2025-01-03,113112.8272197296,55838.553783257215,2305.635,-0.01,2299.9385,0.02,2313.7157,-0.01,2355.5923,0.02,2316.2362,-0.01,2332.312,-0.01,22747.9561,-0.1,29513.4787,-0.13,44620.689,-0.2,2307.2738,-0.01
2025-01-04,113662.75784651206,38389.00572598934,2288.0489,-0.01,2294.0052,-0.01,2316.3234,0.02,2417.9856,0.02,2329.2521,0.02,2353.4339,-0.01,22357.4609,-0.1,30408.4288,0.26,44587.5319,-0.2,2310.2871,0.02
2025-01-05,113662.75784651206,38389.00572598934,2288.0489,-0.01,2294.0052,-0.01,2316.3234,0.02,2417.9856,0.02,2329.2521,0.02,2353.4339,-0.01,22357.4609,-0.1,30408.4288,0.26,44587.5319,-0.2,2310.2871,0.02
2025-01-06,113662.75784651206,38389.00572598934,2288.0489,-0.01,2294.0052,-0.01,2316.3234,0.02,2417.9856,0.02,2329.2521,0.02,2353.4339,-0.01,22357.4609,-0.1,30408.4288,0.26,44587.5319,-0.2,2310.2871,0.02
2025-01-07,114482.9024024783,39552.30892980719,2315.6933,-0.01,2282.4736,-0.01,2308.6913,0.02,2401.0364,0.02,2316.1962,0.02,2351.9644,-0.01,23052.4374,-0.1,29652.6926,0.26,45492.7333,-0.2,2308.9839,-0.01
2025-01-08,113753.61114640645,37225.70252217147,2315.589,-0.01,2272.5504,0.02,2296.4165,0.02,2382.1217,0.02,2315.797,0.02,2365.1241,-0.01,23054.9047,-0.1,28936.7329,0.26,45459.2784,-0.2,2355.0963,0.02
2025-01-09,113151.82478276978,37225.70252217147,2332.216,-0.01,2275.7259,0.02,2232.3709,0.02,2358.6628,0.02,2235.8648,0.02,2366.6185,-0.01,23400.4565,-0.1,28141.2202,0.26,45470.7895,-0.2,2337.8995,0.02
2025-01-10,113151.82478276978,37225.70252217147,2332.216,-0.01,2275.7259,0.02,2232.3709,0.02,2358.6628,0.02,2235.8648,0.02,2366.6185,-0.01,23400.4565,-0.1,28141.2202,0.26,45470.7895,-0.2,2337.8995,0.02
2025-01-11,112755.0945455143,39552.30892980719,2334.7726,-0.01,2285.2454,-0.01,2305.5114,0.02,2346.0122,0.02,2247.6431,0.02,2352.1275,-0.01,23631.1732,-0.1,27982.1181,0.26,44977.1924,-0.2,2293.2987,-0.01
2025-01-12,112755.0945455143,39552.30892980719,2334.7726,-0.01,2285.2454,-0.01,2305.5114,0.02,2346.0122,0.02,2247.6431,0.02,2352.1275,-0.01,23631.1732,-0.1,27982.1181,0.26,44977.1924,-0.2,2293.2987,-0.01
2025-01-13,112755.0945455143,39552.30892980719,2334.7726,-0.01,2285.2454,-0.01,2305.5114,0.02,2346.0122,0.02,2247.6431,0.02,2352.1275,-0.01,23631.1732,-0.1,27982.1181,0.26,44977.1924,-0.2,2293.2987,-0.01
2025-01-14,114257.4402384481,38389.00572598934,2338.5132,-0.01,2309.4041,-0.01,2363.1968,0.02,2329.4314,0.02,2281.8998,0.02,2367.1173,-0.01,23761.5412,-0.1,28837.2936,0.26,45364.7257,-0.2,2304.3172,0.02
2025-01-15,114027.64733895751,39552.30892980719,2308.4978,-0.01,2298.0658,0.02,2384.3122,0.02,2401.7733,0.02,2216.1975,-0.01,2368.782,-0.01,23357.5796,-0.1,30845.9607,0.26,43541.483,-0.2,2304.9956,-0.01
2025-01-16,116618.05063208766,40715.61213362505,2322.3995,-0.01,2279.4212,-0.01,2420.3097,0.02,2369.3484,0.02,2203.38,-0.01,2368.1157,-0.01,23586.4576,-0.1,32417.094,0.26,44273.5799,-0.2,2377.9447,-0.01
