Date,Close,Dividends,High,Low,Open,Stock Splits,Volume,RSI,Signal,pos,Returns,Strategy_Returns,Cumulative_Return_Strategy
2024-03-01,82.25567627,0.0,82.27667404,79.41248067,79.97732295,0.0,479135000.0,69.4367649545997,0.0,-0.5,0.04003181811440104,-0.02001590905720052,0.9799840909427995
2024-03-04,85.21283722,0.0,87.67014063,83.69526979,84.10614876,0.0,615616000.0,72.43891498874734,0.0,-0.5,0.03595084356602052,-0.01797542178301026,0.9623684635674628
2024-03-05,85.94366455,0.004,86.07663633,83.3972699,85.24982845,0.0,520639000.0,73.41479606387247,0.0,-0.5,0.008576493329440105,-0.004288246664720052,0.9582415902133378
2024-03-06,88.67901611,0.0,89.70277597,87.00941296,88.00118271,0.0,582520000.0,74.25466534323664,0.0,-0.5,0.03182726236217959,-0.015913631181089793,0.9429924869643017
2024-03-07,92.64707184,0.0,92.74504822,89.58079619,90.13666439,0.0,608119000.0,80.10248151591242,-0.5,-0.5,0.044746275996994544,-0.022373137998497272,0.9218947859219032
2024-03-08,87.50730133,0.0,97.37696846,86.48553984,95.11550233,0.0,1142269000.0,69.45554209383215,0.0,-0.5,-0.055476880250206806,0.027738440125103403,0.9474667092428428
2024-03-11,85.75370789,0.0,88.77598764,84.14608663,86.40855169,0.0,678364000.0,72.1012305278598,0.0,-0.5,-0.020039395722958098,0.010019697861479049,0.9569600394032659
2024-03-12,91.89125824,0.0,91.93824419,86.1296211,88.02817393,0.0,668075000.0,79.74319646287229,0.0,-0.5,0.07157183637905074,-0.03578591818952537,0.9227143457225356
2024-03-13,90.86650085,0.0,91.48235245,88.41407818,91.03346117,0.0,635713000.0,69.89222232457328,0.0,-0.5,-0.01115184849600781,0.005575924248003905,0.9278593310168308
2024-03-14,87.92319489,0.0,90.62455914,86.57951107,89.55581179,0.0,602318000.0,63.540377508116926,0.0,-0.5,-0.03239154069395411,0.016195770346977056,0.9428867276562792
2024-03-15,87.81621552,0.0,89.5248108,86.23659514,86.90943243,0.0,642086000.0,63.03885276753916,0.0,-0.5,-0.0012167366089670395,0.0006083683044835198,0.9434603500561035
2024-03-18,88.4340744,0.0,92.38313683,87.06439578,90.36661573,0.0,668976000.0,64.44489431228237,0.0,-0.5,0.007035817660114185,-0.0035179088300570927,0.9401413425598324
2024-03-19,89.37686157,0.0,90.52258666,84.98989877,86.67949393,0.0,672171000.0,67.4263959217959,0.0,-0.5,0.010660903915109099,-0.0053304519575545495,0.9351299643000064
2024-03-20,90.35062408,0.0,90.38861711,88.20213036,89.77575552,0.0,479063000.0,66.96050155142242,0.0,-0.5,0.010895017937470941,-0.0054475089687354705,0.9300358354325489
2024-03-21,91.41336823,0.0,92.62608635,90.3836131,92.2781691,0.0,480372000.0,64.72557911732993,0.0,-0.5,0.01176244393241821,-0.005881221966209105,0.9245660882478414
2024-03-22,94.26670074,0.0,94.7555835,90.81251607,91.11944267,0.0,586719000.0,64.60739879785737,0.0,-0.5,0.03121351466692368,-0.01560675733346184,0.9101366096698092
2024-03-25,94.97952271,0.0,96.74310531,93.48787893,93.91877671,0.0,552136000.0,64.58682399771615,0.0,-0.5,0.007561757910315103,-0.0037808789551575517,0.9066954933159902
2024-03-26,92.53910065,0.0,96.35220139,92.4801165,95.82832328,0.0,513648000.0,56.29134396270729,0.0,-0.5,-0.025694191656988163,0.012847095828494082,0.9183438972058844
2024-03-27,90.22864532,0.0,93.2179357,89.10191309,93.08996764,0.0,586067000.0,45.83319310667435,0.0,-0.5,-0.02496734152127289,0.012483670760636445,0.9298082000636424
2024-03-28,90.33462524,0.0,91.27840214,89.17189839,89.97870666,0.0,435212000.0,55.893609885172296,0.0,-0.5,0.0011745706657140254,-0.0005872853328570127,0.9292621373453749
2024-04-01,90.3416214,0.0,92.20318041,89.18289901,90.27764118,0.0,452441000.0,60.314667968023365,0.0,-0.5,7.744715806823343e-05,-3.872357903411672e-05,0.929226152989556
2024-04-02,89.43083954,0.0,90.07268594,87.59927225,88.42707165,0.0,433064000.0,42.768997720009956,0.0,-0.5,-0.010081531036147617,0.005040765518073809,0.9339101641400381
2024-04-03,88.94295502,0.0,90.35262518,88.37909305,88.46307282,0.0,370067000.0,44.16262226173276,0.0,-0.5,-0.005455439337363921,0.0027277196686819605,0.9364576092635448
2024-04-04,85.88467407,0.0,90.61255912,85.85967846,90.38460861,0.0,434965000.0,43.85657860453822,0.0,-0.5,-0.03438474637268685,0.017192373186343424,0.9525575379551947
2024-04-05,87.98718262,0.0,88.46007029,85.90567444,86.84544687,0.0,399678000.0,50.459919905861256,0.0,-0.5,0.024480602304974175,-0.012240301152487087,0.9408979468255515
2024-04-08,87.11238861,0.0,88.80898572,86.71148251,88.67901159,0.0,283220000.0,46.49300244866787,0.0,-0.5,-0.009942289137476634,0.004971144568738317,0.9455752865436504
2024-04-09,85.33380127,0.0,87.61426744,83.00235992,87.42131231,0.0,503547000.0,39.72765888332127,0.0,-0.5,-0.020417157288186605,0.010208578644093302,0.9552282662202424
2024-04-10,87.01840973,0.0,87.37932438,83.68919571,83.90614724,0.0,431929000.0,41.82888173648459,0.0,-0.5,0.019741397136052052,-0.009870698568026026,0.9457994959407242
2024-04-11,90.59455872,0.0,90.71753071,86.90543691,87.3993157,0.0,431637000.0,48.212487518715825,0.0,-0.5,0.041096464542342614,-0.020548232271171307,0.9263649882161775
2024-04-12,88.16513824,0.0,90.15367382,87.50929518,89.67778086,0.0,426805000.0,36.42872224179987,0.0,-0.5,-0.02681640613216718,0.01340820306608359,0.9387858780914902
2024-04-15,85.98065186,0.0,90.59156018,85.90867029,89.07691924,0.0,443077000.0,31.214276087685093,0.0,-0.5,-0.02477721266713695,0.012388606333568475,0.9504161267666791
2024-04-16,87.39432526,0.0,88.09715428,86.04364687,86.41255526,0.0,370453000.0,38.778923152401696,0.0,-0.5,0.016441761831508916,-0.008220880915754458,0.9426028689681176
2024-04-17,84.01512146,0.0,88.75399787,83.93013486,88.3190956,0.0,495400000.0,37.05157343011893,0.0,-0.5,-0.03866616957047031,0.019333084785235155,0.9608262901526841
2024-04-18,84.65096283,0.0,86.16960823,82.38250253,84.94989568,0.0,447260000.0,38.41167009151952,0.0,-0.5,0.007568177715516544,-0.003784088857758272,0.957190438093876
2024-04-19,76.18197632,0.0,84.30405561,75.58812265,83.13033728,0.0,875198000.0,28.53637049492731,1.0,1.0,-0.10004595608685285,0.050022978043426425,1.0050719543620237
2024-04-22,79.49919128,0.0,80.05406033,76.38193249,78.08552424,0.0,596341000.0,35.96893455688817,0.0,1.0,0.043543304075837286,0.043543304075837286,1.0488361080889053
2024-04-23,82.40350342,0.0,82.74942226,80.24501744,80.74989526,0.0,438559000.0,41.35177746279659,0.0,1.0,0.0365325998068442,0.0365325998068442,1.0871528178886851
2024-04-24,79.65815735,0.0,84.06211429,79.16427089,83.93014173,0.0,512208000.0,41.696899953867344,0.0,1.0,-0.03331589017529191,-0.03331589017529191,1.0509333540041466
2024-04-25,82.61245728,0.0,83.30328808,78.20449601,78.84934008,0.0,424641000.0,42.991973275836344,0.0,1.0,0.03708722406193088,0.03708722406193088,1.089909554778255
2024-04-26,87.71424103,0.0,88.31010068,83.36727027,83.79816804,0.0,551011000.0,50.70683238627954,0.0,1.0,0.06175562279558422,0.06175562279558422,1.157217598124444
2024-04-29,87.7362442,0.0,87.97118159,85.24582852,87.57427996,0.0,388971000.0,52.942920278278926,0.0,1.0,0.0002508506001035471,0.0002508506001035471,1.157507886853384
2024-04-30,86.38156128,0.0,88.79798933,86.27958803,87.21936048,0.0,363709000.0,49.21352273731502,0.0,1.0,-0.015440402451145752,-0.015440402451145752,1.1396354992399924
2024-05-01,83.02135468,0.0,85.97965427,81.23577409,85.05687611,0.0,559863000.0,40.597306674730696,0.0,1.0,-0.03889958169554397,-0.03889958169554397,1.0953041550341642
2024-05-02,85.79669952,0.0,86.21659833,83.18031424,84.42901931,0.0,377898000.0,47.08445204887371,0.0,1.0,0.03342928877392293,0.03342928877392293,1.131919393928079
2024-05-03,88.76799774,0.0,89.25987812,87.01941093,87.7682343,0.0,398341000.0,53.366018465142446,0.0,1.0,0.034631847572497376,0.034631847572497376,1.1711198538429497
2024-05-06,92.11820221,0.0,92.19818511,89.03393293,89.36885277,0.0,376203000.0,55.44969718402279,0.0,1.0,0.03774112918275696,0.03774112918275696,1.2153192395353278
2024-05-07,90.53257751,0.0,91.75928461,88.98994329,91.07644753,0.0,437342000.0,57.84344546290719,0.0,1.0,-0.017212935792920603,-0.017212935792920603,1.1944000274973052
2024-05-08,90.39061737,0.0,91.17243008,89.39884762,89.46183625,0.0,325721000.0,56.990496444380625,0.0,1.0,-0.0015680558745200246,-0.0015680558745200246,1.1925271415176613
2024-05-09,88.72601318,0.0,91.05046028,88.21013638,90.50758943,0.0,378013000.0,68.31305815532379,0.0,1.0,-0.018415674529428272,-0.018415674529428272,1.1705659498119625
2024-05-10,89.8567276,0.0,91.37936979,89.20588069,90.2836285,0.0,335325000.0,66.15216107167873,0.0,1.0,0.012743888511096646,0.012743888511096646,1.185483511771252
2024-05-13,90.37762451,0.0,90.97648188,88.50806398,90.45660058,0.0,289680000.0,63.433958455363694,0.0,1.0,0.0057969717339227955,0.0057969717339227955,1.1923557261800215
2024-05-14,91.33438873,0.0,91.62931711,88.91295706,89.57780064,0.0,296507000.0,70.93235701321771,0.0,1.0,0.010586295282568825,0.010586295282568825,1.204978355979225
2024-05-15,94.60761261,0.0,94.83955999,91.57733136,92.45012595,0.0,417735000.0,71.26098492788519,0.0,1.0,0.03583780354271826,0.03583780354271826,1.2481621335740363
2024-05-16,94.33667755,0.0,95.79633123,94.08073378,94.8875497,0.0,323952000.0,64.16354083795633,0.0,1.0,-0.0028637765241669166,-0.0028637765241669166,1.244587676157553
2024-05-17,92.45711517,0.0,94.71758179,91.78427789,94.34667501,0.0,359691000.0,59.353436905830065,0.0,1.0,-0.019923983214310326,-0.019923983214310326,1.2197905321890523
2024-05-20,94.75758362,0.0,95.17748246,93.41790419,93.72782843,0.0,318764000.0,65.99588192036173,0.0,1.0,0.024881464728486957,0.024881464728486957,1.2501407072918564
2024-05-21,95.36344147,0.0,95.3774381,93.15796194,93.57686155,0.0,328946000.0,76.34106926253251,0.0,1.0,0.006393766354676478,0.006393766354676478,1.2581338148847505
2024-05-22,94.92754364,0.0,95.99729031,93.22694948,95.43642596,0.0,548648000.0,71.649370756814,0.0,1.0,-0.004570911276698508,-0.004570911276698508,1.252382996842698
2024-05-23,103.7744522,0.0,106.294852,101.4959843,102.0038674,0.0,835065000.0,77.82722192864836,0.0,1.0,0.0931964340460627,0.0931964340460627,1.369100626208359
2024-05-24,106.4438171,0.0,106.4498124,102.9756359,104.4242907,0.0,429494000.0,77.2528495569875,0.0,1.0,0.02572275587497641,0.02572275587497641,1.4043176673845938
2024-05-28,113.8740616,0.0,114.9118181,109.8570142,110.2179288,0.0,652728000.0,86.32644051075259,-0.5,-0.5,0.06980437852035659,0.06980437852035659,1.5023451894015323
2024-05-29,114.7978363,0.0,115.4646783,110.8747685,113.0232623,0.0,557442000.0,87.08264814862754,-0.5,-0.5,0.008112248628181051,-0.004056124314090526,1.4962514905506439
2024-05-30,110.4738541,0.0,115.7915958,109.6370541,114.6228736,0.0,487350000.0,80.57168886191727,-0.5,-0.5,-0.03766606008758022,0.01883303004379011,1.5244304398252497
2024-05-31,109.6070709,0.0,112.6903411,106.9147071,112.4933814,0.0,613263000.0,77.97129430233952,0.0,-0.5,-0.00784604834384972,0.00392302417192486,1.5304108172891022
2024-06-03,114.9728012,0.0,114.9728012,111.9765084,113.5941296,0.0,438392000.0,80.62949463199348,-0.5,-0.5,0.04895423494069506,-0.02447711747034753,1.4929507719364263
2024-06-04,116.4094543,0.0,116.5724178,114.0180219,115.6886318,0.0,403324000.0,80.85828691346101,-0.5,-0.5,0.01249559100070008,-0.00624779550035004,1.4836231208212778
2024-06-05,122.4110336,0.0,122.4200266,117.4402099,118.3429961,0.0,528402000.0,82.06280988535758,-0.5,-0.5,0.05155577213284812,-0.02577788606642406,1.4453784530472344
2024-06-06,120.9693756,0.0,125.5572868,118.2920078,124.0186495,0.0,664696000.0,79.90525036768537,0.0,-0.5,-0.011777189993435244,0.005888594996717622,1.4538897013742118
2024-06-07,120.8594055,0.0,121.6632162,117.9940861,119.7416661,0.0,412386000.0,83.21215965433944,-0.5,-0.5,-0.0009090738829936607,0.0004545369414968303,1.4545505479523482
2024-06-10,121.7611923,0.0,123.07088,116.9823242,120.34153,10.0,314162700.0,82.64444360968223,-0.5,-0.5,0.007461453217226133,-0.0037307266086130664,1.4491240175195297
2024-06-11,120.8913269,0.01,122.8510232,118.7216563,121.751187,0.0,222551200.0,80.66471680957001,-0.5,-0.5,-0.007144028270163472,0.003572014135081736,1.4543003089935957
2024-06-12,125.1806564,0.0,126.8603972,122.5510655,123.0409876,0.0,299595000.0,83.26153142230532,-0.5,-0.5,0.035480870381612295,-0.017740435190806148,1.4285003886139256
2024-06-13,129.5899811,0.0,129.7799542,127.1403626,129.3700138,0.0,260704500.0,81.45163197111972,-0.5,-0.5,0.035223690519008866,-0.017611845259504433,1.4033418608165151
2024-06-14,131.8596497,0.0,132.8194929,128.3002016,129.9399478,0.0,309320400.0,81.26920947724462,-0.5,-0.5,0.017514228960714195,-0.008757114480357098,1.3910526354862676
2024-06-17,130.9597778,0.0,133.7093533,129.56,132.9694773,0.0,288504400.0,75.04504150967043,0.0,-0.5,-0.006824467545965218,0.003412233772982609,1.3957992322690704
2024-06-18,135.5590668,0.0,136.308951,130.6698225,131.1197499,0.0,294335100.0,77.47248923328269,0.0,-0.5,0.035119859526823394,-0.017559929763411697,1.3712890957866015
2024-06-20,130.7597961,0.0,140.7382502,129.4999963,139.778407,0.0,517768400.0,76.51009948011578,0.0,-0.5,-0.03540353893908643,0.017701769469543216,1.3955633392363143
2024-06-21,126.5504532,0.0,130.6098314,124.2808071,127.1003713,0.0,655484700.0,70.36300712376914,0.0,-0.5,-0.0321914152938938,0.0160957076469469,1.4180259187474589
2024-06-24,118.0917587,0.0,124.4407765,118.0217698,123.2209637,0.0,476060900.0,53.489055228830274,0.0,-0.5,-0.06684049156767469,0.03342024578383734,1.4654166934798507
2024-06-25,126.0705185,0.0,126.4804588,119.3015677,121.1812745,0.0,425787500.0,59.42756027370345,0.0,-0.5,0.06756406956618566,-0.03378203478309283,1.4159119357689895
2024-06-26,126.3804855,0.0,128.1002136,122.5810692,126.110523,0.0,362975900.0,54.357553103998704,0.0,-0.5,0.0024586795048360255,-0.0012293397524180127,1.4141712989404256
2024-06-27,123.9708481,0.0,126.3904801,122.9010136,124.0808317,0.0,252571700.0,53.22636440310589,0.0,-0.5,-0.01906653064724939,0.009533265323624696,1.4276529691462796
2024-06-28,123.5209198,0.0,127.6902739,122.7310409,124.5607601,0.0,315516700.0,52.8401763592465,0.0,-0.5,-0.0036293072677623384,0.0018146536338811692,1.4302436647946621
2024-07-01,124.2808075,0.0,124.8207174,118.811651,123.4509338,0.0,284885500.0,52.69691945379931,0.0,-0.5,0.006151894765926036,-0.003075947382963018,1.4258443105369376
2024-07-02,122.6510544,0.0,123.3909456,121.0113083,121.1112913,0.0,218374000.0,51.85340897835683,0.0,-0.5,-0.013113473695445577,0.006556736847722788,1.435193196466951
2024-07-03,128.2601929,0.0,128.2601929,121.3412631,121.6412199,0.0,215749000.0,53.155745602595815,0.0,-0.5,0.04573249310769878,-0.02286624655384939,1.4023757149841305
2024-07-05,125.8105698,0.0,128.8301077,125.6605914,127.3603258,0.0,214176700.0,45.96499816524335,0.0,-0.5,-0.019098857132624825,0.009549428566312412,1.415767601697503
2024-07-08,128.180191,0.0,130.7498013,127.0203742,127.4703016,0.0,237677300.0,46.08007633315347,0.0,-0.5,0.018834834018850444,-0.009417417009425222,1.4024347278038838
2024-07-09,131.359726,0.0,133.7993518,128.6301364,130.3298862,0.0,285366600.0,50.406348610176046,0.0,-0.5,0.024805197863997375,-0.012402598931998687,1.3850408923466255
2024-07-10,134.8891754,0.0,135.0791485,132.3995543,134.0093064,0.0,248978600.0,49.304263498737235,0.0,-0.5,0.0268685807094331,-0.01343429035471655,1.3664338508456852
2024-07-11,127.3803329,0.0,136.1289745,127.0303885,135.7290423,0.0,374782700.0,46.677169813836585,0.0,-0.5,-0.05566675367191842,0.02783337683595921,1.4044663191376838
2024-07-12,129.220047,0.0,131.8996258,127.2003547,128.2401874,0.0,252680500.0,52.75314903034404,0.0,-0.5,0.014442685602370497,-0.007221342801185249,1.3943241863944718
2024-07-15,128.420166,0.0,131.3697074,127.1603585,130.5398337,0.0,208326200.0,62.6500019093619,0.0,-0.5,-0.006190068944952443,0.0030950344724762213,1.39863966781717
2024-07-16,126.3404846,0.0,129.0200634,124.5607608,128.4201652,0.0,214769500.0,50.38649782261038,0.0,-0.5,-0.01619435221723664,0.00809717610861832,1.409964699519985
2024-07-17,117.9717712,0.0,121.8311756,116.7019708,121.3312528,0.0,390086200.0,40.2186505630063,0.0,-0.5,-0.0662393644166851,0.03311968220834255,1.4566622822930682
2024-07-18,121.0712891,0.0,122.3810919,116.5419901,121.8311738,0.0,320979500.0,46.680397530115066,0.0,-0.5,0.02627338615392416,-0.01313669307696208,1.437526556973797
2024-07-19,117.9117889,0.0,121.5812204,117.3518779,120.3314134,0.0,217223800.0,43.95344413579998,0.0,-0.5,-0.026096196905860736,0.013048098452930368,1.456283545017893
2024-07-22,123.5209198,0.0,124.0508367,119.8414879,120.3314101,0.0,258068900.0,49.258387147740976,0.0,-0.5,0.04757056908666746,-0.02378528454333373,1.4216454265238676
2024-07-23,122.5710678,0.0,124.6707497,122.0811456,122.7610409,0.0,173911000.0,49.920887122174264,0.0,-0.5,-0.007689806726973614,0.003844903363486807,1.427111515805995
2024-07-24,114.2323532,0.0,119.9314698,113.4224808,119.1515914,0.0,327776900.0,36.83617498341472,0.0,-0.5,-0.0680316713370428,0.0340158356685214,1.4756559066083061
2024-07-25,112.2626572,0.0,116.6119838,106.283585,113.0225419,0.0,460067000.0,37.17098671384346,0.0,-0.5,-0.01724289086955444,0.00862144543477722,1.4883781934876363
2024-07-26,113.0425339,0.0,116.1820482,111.5627668,116.1720553,0.0,293399100.0,35.220625991230534,0.0,-0.5,0.006946893289819567,-0.0034734466449097834,1.4832083912451097
2024-07-29,111.5727615,0.0,116.2620396,111.282813,113.6724433,0.0,248152100.0,30.0141129676435,0.0,-0.5,-0.01300194138694899,0.006500970693474495,1.4928506855289096
2024-07-30,103.7139816,0.0,111.9727003,102.524163,111.5027717,0.0,486833300.0,21.04381857072393,1.0,1.0,-0.070436366316881,0.0352181831584405,1.5454261744000701
2024-07-31,117.0019226,0.0,118.3217184,110.8628716,112.8825638,0.0,473174200.0,41.29485322870191,0.0,1.0,0.12812101893116412,0.12812101893116412,1.743427750547098
2024-08-01,109.1931381,0.0,120.1414521,106.7935071,117.5118533,0.0,523462300.0,34.73089571372353,0.0,1.0,-0.06674065114892391,-0.06674065114892391,1.6270702472444811
2024-08-02,107.2534256,0.0,108.7032062,101.3543431,103.7439733,0.0,482027500.0,34.137556943619686,0.0,1.0,-0.017764051237574963,-0.017764051237574963,1.5981668880052964
2024-08-05,100.4344864,0.0,103.394036,90.67599893,92.04578251,0.0,552842400.0,31.873505686513496,0.0,1.0,-0.06357782198427053,-0.06357782198427053,1.4965589180985401
2024-08-06,104.233902,0.0,107.6933668,100.5344764,103.8239616,0.0,409012100.0,39.7309429706693,0.0,1.0,0.03782979070424153,0.03782979070424153,1.553173428746774
2024-08-07,98.89472961,0.0,108.7832018,98.67476237,107.7933491,0.0,411440400.0,33.96008394716961,0.0,1.0,-0.05122299259217988,-0.05122299259217988,1.4736152377117073
2024-08-08,104.9537888,0.0,105.4837057,97.50493482,101.9842462,0.0,391910000.0,41.004992678325,0.0,1.0,0.06126776638041709,0.06126776638041709,1.563900351830451
2024-08-09,104.7338257,0.0,106.5835385,103.4140298,105.6236876,0.0,290844200.0,35.90397315805522,0.0,1.0,-0.0020958090461999923,-0.0020958090461999923,1.5606227153257295
2024-08-12,109.0031586,0.0,111.052845,106.2435903,106.3035786,0.0,325559900.0,40.30297876289018,0.0,1.0,0.040763648911566586,0.040763648911566586,1.6242393917766833
2024-08-13,116.1220627,0.0,116.2120528,111.5627694,112.4226372,0.0,312646700.0,51.37454712101351,0.0,1.0,0.06530915426151696,0.06530915426151696,1.7303170927718592
2024-08-14,118.0617676,0.0,118.5816839,114.0523847,118.511695,0.0,339246400.0,54.22002950923338,0.0,1.0,0.0167040169189141,0.0167040169189141,1.7592203387646066
2024-08-15,122.8410339,0.0,123.2209725,117.4518666,118.7416684,0.0,318086700.0,56.73818506757028,0.0,1.0,0.04048106679371788,0.04048106679371788,1.8304354548030037
2024-08-16,124.5607605,0.0,124.9806938,121.1612841,121.9211689,0.0,302589900.0,58.90092518799707,0.0,1.0,0.013999610271922425,0.013999610271922425,1.856060837798155
2024-08-19,129.9799194,0.0,129.9799194,123.400934,124.2608018,0.0,318333600.0,68.62328419384444,0.0,1.0,0.04350614815008291,0.04350614815008291,1.9368108955829684
2024-08-20,127.2303467,0.0,129.8599454,125.8705561,128.380163,0.0,300087400.0,58.526427585834696,0.0,1.0,-0.021153826781031282,-0.021153826781031282,1.8958399333901923
2024-08-21,128.4801636,0.0,129.3300385,126.6404513,127.3003454,0.0,257883600.0,68.05166173157133,0.0,1.0,0.009823260978349513,0.009823260978349513,1.9144632638290608
2024-08-22,123.7208939,0.0,130.7298137,123.0809933,129.9999307,0.0,376189100.0,64.64001327498245,0.0,1.0,-0.03704283654881646,-0.03704283654881646,1.8435461140683274
2024-08-23,129.3500214,0.0,129.5799968,125.2006682,125.8405688,0.0,323230300.0,76.26226337213883,0.0,1.0,0.04549860029745556,0.04549860029745556,1.9274248818422497
2024-08-26,126.4404678,0.0,131.2397219,124.3507943,129.5499957,0.0,331964700.0,70.50027510087186,0.0,1.0,-0.022493646065991357,-0.022493646065991357,1.884070068731305
2024-08-27,128.2801971,0.0,129.1800521,123.8608737,125.0306989,0.0,303134600.0,79.00138149150978,0.0,1.0,0.014550162080308349,0.014550162080308349,1.9114835936020032
2024-08-28,125.5906067,0.0,128.3101879,122.621064,128.1002137,0.0,448101100.0,71.81817756592989,0.0,1.0,-0.020966528433873255,-0.020966528433873255,1.8714064184858645
2024-08-29,117.5718384,0.0,124.4107861,116.691977,121.3412605,0.0,453023300.0,61.65153204060208,0.0,1.0,-0.06384847171854602,-0.06384847171854602,1.7519199787012643
2024-08-30,119.3515701,0.0,121.7311999,117.2019006,119.5115415,0.0,333751600.0,59.83653383875243,0.0,1.0,0.015137397902591498,0.015137397902591498,1.7784394885123649
2024-09-03,107.9833221,0.0,116.1920534,107.2734327,115.9920873,0.0,477155100.0,42.842076047180946,0.0,1.0,-0.09525009172878918,-0.09525009172878918,1.6090429640974613
2024-09-04,106.1935959,0.0,113.2525031,104.1039223,105.393724,0.0,372470300.0,39.534477507109884,0.0,1.0,-0.016574098344025567,-0.016574098344025567,1.5823745277707475
2024-09-05,107.1934433,0.0,109.6330689,104.7438247,104.9737849,0.0,306850700.0,35.21632792938753,0.0,1.0,0.009415326710864313,0.009415326710864313,1.5972731009286587
2024-09-06,102.8141174,0.0,108.1332953,100.934403,108.0233117,0.0,413638100.0,30.437145265992385,0.0,1.0,-0.04085441949787616,-0.04085441949787616,1.5320174356106457
2024-09-09,106.4535599,0.0,106.5335494,103.6739904,104.8638014,0.0,273912000.0,28.136064851924033,1.0,1.0,0.035398275956994185,0.035398275956994185,1.586248211567318
2024-09-10,108.0833054,0.0,109.3831077,104.9337903,107.7933492,0.0,268283700.0,31.8276932134427,0.0,1.0,0.015309450445160744,0.015309450445160744,1.6105327999560326
2024-09-11,116.8919449,0.0,117.1719004,107.4034053,109.3731022,0.0,441422400.0,40.381743614767615,0.0,1.0,0.0814986131984079,0.0814986131984079,1.741788989662998
2024-09-12,119.1317902,0.01,120.781678,115.3720471,116.8319456,0.0,367100500.0,46.024775928691724,0.0,1.0,0.01916167364582888,0.01916167364582888,1.7751645818428186
2024-09-13,119.0917892,0.0,119.9517306,117.5918926,119.071794,0.0,238358300.0,40.16132710330544,0.0,1.0,-0.0003357709972531264,-0.0003357709972531264,1.7745685330608847
2024-09-16,116.7719498,0.0,118.1718548,114.3521184,116.7819512,0.0,248772300.0,40.620825844910854,0.0,1.0,-0.01947942352351517,-0.01947942352351517,1.7400009610338887
2024-09-17,115.5820313,0.0,118.7918168,114.8220891,118.1618553,0.0,231925900.0,37.52456306492251,0.0,1.0,-0.010190105603597677,-0.010190105603597677,1.7222701674905918
2024-09-18,113.3621902,0.0,117.6918861,113.2121991,115.8820132,0.0,310318900.0,37.87414887088513,0.0,1.0,-0.019205762998214415,-0.019205762998214415,1.6891926548348724
2024-09-19,117.8618774,0.0,119.651755,117.2419174,117.341909,0.0,293506400.0,50.30918471018395,0.0,1.0,0.03969301574062212,0.03969301574062212,1.7562418054721762
2024-09-20,115.9920044,0.0,118.6118266,115.3820458,117.0519289,0.0,382462400.0,46.4255361372294,0.0,1.0,-0.015864951765989788,-0.015864951765989788,1.7283791139389453
2024-09-23,116.2519913,0.0,116.9819367,114.8520862,116.5419722,0.0,206228500.0,61.520835218754776,0.0,1.0,0.002241420875040978,0.002241420875040978,1.732253138964913
2024-09-24,120.8616714,0.0,121.7916077,115.3720444,116.5119652,0.0,354966800.0,68.94822418457898,0.0,1.0,0.039652482924823707,0.039652482924823707,1.8009412769791915
2024-09-25,123.5014954,0.0,124.9313972,121.6016247,122.0115925,0.0,284692900.0,70.21042186512668,0.0,1.0,0.021841696953398104,0.021841696953398104,1.8402768905818367
2024-09-26,124.031456,0.0,127.6612032,121.7916124,126.791268,0.0,302582900.0,79.06780625799114,0.0,1.0,0.004291126988248628,0.004291126988248628,1.8481737524128627
2024-09-27,121.3916397,0.0,124.0214558,119.2517877,123.9614624,0.0,271009200.0,71.04152964157724,0.0,1.0,-0.021283442000390673,-0.021283442000390673,1.808838253546739
2024-09-30,121.431633,0.0,121.4916264,118.1418588,118.3018438,0.0,226553700.0,69.68378878231134,0.0,1.0,0.0003294567904250645,0.0003294567904250645,1.8094341875921507
2024-10-01,116.9919357,0.0,122.4315632,115.78202,121.7616036,0.0,302094500.0,50.16925810898012,0.0,1.0,-0.03656129124113816,-0.03656129124113816,1.7432789372779218
2024-10-02,118.8418121,0.0,119.3717744,115.1320686,116.4319821,0.0,221845900.0,49.50257624857006,0.0,1.0,0.01581199925389387,0.01581199925389387,1.7708436625334891
2024-10-03,122.8415375,0.0,124.3514356,120.3317082,120.9116701,0.0,277118000.0,55.662951654585335,0.0,1.0,0.033655876911691696,0.033655876911691696,1.8304429588695657
2024-10-04,124.9113922,0.0,125.0313867,121.8216087,124.9313951,0.0,243678100.0,62.38588485754834,0.0,1.0,0.016849794801697238,0.016849794801697238,1.8612855471227294
2024-10-07,127.7112045,0.0,130.6310016,124.941391,124.9813892,0.0,346250200.0,67.59502131531517,0.0,1.0,0.02241438711624566,0.02241438711624566,1.9030051219098114
2024-10-08,132.8808441,0.0,133.4707998,129.411082,130.2510204,0.0,285722500.0,76.08230363582332,0.0,1.0,0.040479139009294896,0.040479139009294896,1.9800371307749989
2024-10-09,132.6408539,0.0,134.5107354,131.3709524,134.10076,0.0,246191600.0,72.28586886587871,0.0,1.0,-0.0018060556555419272,-0.0018060556555419272,1.9764610735167796
2024-10-10,134.800705,0.0,134.9906943,130.99097,131.900911,0.0,242311300.0,78.11657600775877,0.0,1.0,0.016283452921890484,0.016283452921890484,2.0086446843593393
2024-10-11,134.7907104,0.0,135.7706386,133.6507896,134.0007564,0.0,170209500.0,77.92167863846649,0.0,1.0,-7.414352914547617e-05,-7.414352914547617e-05,2.0084957563536414
2024-10-14,138.0605011,0.0,139.5903945,136.2906187,136.4606052,0.0,232347700.0,76.99309963572718,0.0,1.0,0.024258279300529706,0.024258279300529706,2.057218407385197
2024-10-15,131.5909424,0.0,138.5604636,128.7311388,137.8604996,0.0,377831000.0,61.33370665614808,0.0,1.0,-0.04686031593724249,-0.04686031593724249,1.9608165028632158
2024-10-16,135.7106476,0.0,136.6105795,131.5709335,133.970762,0.0,264879700.0,64.86760784669666,0.0,1.0,0.031306905512366034,0.031306905512366034,2.0222035998454424
2024-10-17,136.9205627,0.0,140.8802967,136.8605693,139.3304004,0.0,306435900.0,70.51517556110778,0.0,1.0,0.008915402891350066,0.008915402891350066,2.040232359666403
2024-10-18,137.9904938,0.0,138.8904257,137.2705422,138.6604458,0.0,176090200.0,71.29628695762352,0.0,1.0,0.007814247026900256,0.007814247026900256,2.056175239317112
2024-10-21,143.7001038,0.0,143.7001038,137.9904905,138.1204864,0.0,264554500.0,83.26275735556902,-0.5,-0.5,0.0413768357715667,0.0413768357715667,2.141253264511898
2024-10-22,143.5801086,0.0,144.4100533,141.7702357,142.9001628,0.0,226311600.0,82.19675629324895,-0.5,-0.5,-0.0008350390627901438,0.0004175195313950719,2.1421472795714953
2024-10-23,139.5503845,0.0,142.420182,137.4505383,142.0202156,0.0,285930000.0,71.72950434328453,0.0,-0.5,-0.028066033236027077,0.014033016618013539,2.172208067943955
2024-10-24,140.4003296,0.0,141.3402673,138.450467,140.810305,0.0,172354900.0,70.8031062955022,0.0,-0.5,0.006090596618886224,-0.003045298309443112,2.165593046386886
2024-10-25,141.5302429,0.0,144.1200761,140.7903037,140.9202843,0.0,205122100.0,69.4319250863978,0.0,-0.5,0.008047796634232496,-0.004023898317116248,2.1568789201719714
2024-10-28,140.5103149,0.0,143.1301294,140.0403461,142.9901397,0.0,173586700.0,62.145801472022846,0.0,-0.5,-0.0072064314954976005,0.0036032157477488003,2.1646506202631226
2024-10-29,141.2402649,0.0,142.2501898,138.8904208,140.2803243,0.0,157593600.0,63.47962509827331,0.0,-0.5,0.005194992271702725,-0.0025974961358513626,2.159027948641521
2024-10-30,139.3303986,0.0,140.3203359,136.800574,139.5303817,0.0,179418100.0,57.15640530572348,0.0,-0.5,-0.013522109303265695,0.006761054651632847,2.173625254596689
2024-10-31,132.7508545,0.0,137.6005267,132.1009053,137.5905329,0.0,270039600.0,47.33124553961045,0.0,-0.5,-0.04722260300775449,0.023611301503877247,2.224947375839413
2024-11-01,135.3906708,0.0,137.3005429,134.5607414,134.690722,0.0,207127800.0,46.44850385538006,0.0,-0.5,0.01988549384441063,-0.009942746922205314,2.202825287166217
2024-11-04,136.0406342,0.0,138.9504374,135.5606715,137.2005579,0.0,187528200.0,57.003460721084835,0.0,-0.5,0.004800651301596126,-0.002400325650798063,2.1975377891252053
2024-11-05,139.9003601,0.0,140.3603199,137.3205361,137.440523,0.0,160537400.0,56.64868506916952,0.0,-0.5,0.0283718605304768,-0.0141859302652384,2.166363671293449
2024-11-06,145.5999603,0.0,146.4799045,141.9502181,142.9501492,0.0,242043900.0,62.055551724173895,0.0,-0.5,0.040740425513743794,-0.020370212756871897,2.122234382400443
2024-11-07,148.869751,0.0,148.9197353,146.1599309,146.379917,0.0,207323300.0,64.24084492947728,0.0,-0.5,0.022457359832123602,-0.011228679916061801,2.0984044918136076
2024-11-08,147.6198273,0.0,149.7596791,146.2499113,148.7597481,0.0,175665800.0,55.80911723403711,0.0,-0.5,-0.008396089142380658,0.004198044571190329,2.107213687398627
2024-11-11,145.2499847,0.0,148.839749,143.560114,148.6697472,0.0,182325600.0,52.320075769092014,0.0,-0.5,-0.01605368766069537,0.008026843830347685,2.124127962584547
2024-11-12,148.2797699,0.0,149.6396767,145.9999283,146.7698795,0.0,198634700.0,62.47497212676461,0.0,-0.5,0.020859108565537632,-0.010429554282768816,2.1019742546952243
2024-11-13,146.2599182,0.0,149.3197048,145.8899334,149.0597282,0.0,191903300.0,58.102867138896265,0.0,-0.5,-0.013621896644176013,0.006810948322088006,2.1162906927183127
2024-11-14,146.7498779,0.0,148.989729,145.5399699,147.6298222,0.0,194463300.0,57.34796645841955,0.0,-0.5,0.00334992461386463,-0.001674962306932315,2.1127459855774977
2024-11-15,141.9702148,0.0,145.23,140.0703518,144.8600151,0.0,250132900.0,51.85845327216864,0.0,-0.5,-0.0325701334024755,0.01628506670123775,2.1471521948753995
2024-11-18,140.1403351,0.0,141.5402478,137.1405418,139.490386,0.0,221866000.0,48.637932474117996,0.0,-0.5,-0.012889180329675898,0.006444590164837949,2.160989710792904
2024-11-19,146.9998627,0.0,147.1198648,140.9802886,141.3102676,0.0,227834900.0,58.46017322447986,0.0,-0.5,0.04894756099380837,-0.024473780496904185,2.10810212295489
2024-11-20,145.8799438,0.0,147.5498269,142.720158,147.3998434,0.0,309871700.0,66.46600872427264,0.0,-0.5,-0.00761850303415279,0.003809251517076395,2.116132414164908
2024-11-21,146.6598969,0.0,152.8794697,140.6903068,149.3397202,0.0,400946600.0,64.8250477505022,0.0,-0.5,0.005346540995856852,-0.002673270497928426,2.110475419812411
2024-11-22,141.9402161,0.0,147.1498638,141.0902838,145.9199376,0.0,236406200.0,57.01044213099054,0.0,-0.5,-0.03218112721856159,0.016090563609280795,2.1444341588007263
2024-11-25,136.0106354,0.0,142.0402188,135.8106522,141.9802254,0.0,344941900.0,45.59457219259682,0.0,-0.5,-0.041775198480904496,0.020887599240452248,2.1892262401072924
2024-11-26,136.9105682,0.0,139.2904092,135.6606543,137.6905133,0.0,190287700.0,38.95808067742493,0.0,-0.5,0.006616635510549029,-0.0033083177552745147,2.1819835840668325
2024-11-27,135.3306732,0.0,137.2105486,131.7909238,135.0006941,0.0,226370900.0,32.02334767884254,0.0,-0.5,-0.011539613199852305,0.005769806599926153,2.1945732073511115
2024-11-29,138.2404785,0.0,139.3404089,136.0406331,136.7705785,0.0,141863200.0,38.07222968173717,0.0,-0.5,0.021501447020068287,-0.010750723510034144,2.1709799575763506
2024-12-02,138.6204529,0.0,140.4403195,137.8105111,138.820436,0.0,171682800.0,41.119753344310226,0.0,-0.5,0.0027486478933158587,-0.0013743239466579293,2.167996327832939
2024-12-03,140.2503357,0.0,140.5303152,137.9404972,138.2504734,0.0,164414000.0,38.82550560219367,0.0,-0.5,0.011757881076725152,-0.005878940538362576,2.155250806334221
2024-12-04,145.1300049,0.0,145.779954,140.2803328,141.9902217,0.0,231224300.0,48.54345026795725,0.0,-0.5,0.03479256698848676,-0.01739628349424338,2.117757452306034
2024-12-05,145.0599976,0.01,146.5399933,143.9499969,145.1100006,0.0,172621200.0,47.797763737119546,0.0,-0.5,-0.00048237647375692916,0.00024118823687846458,2.118268230492092
2024-12-06,142.4400024,0.0,145.6999969,141.3099976,144.6000061,0.0,188505600.0,50.64873985678791,0.0,-0.5,-0.01806145900556666,0.00903072950278333,2.1373977378960056
2024-12-09,138.8099976,0.0,139.9499969,137.1300049,138.9700012,0.0,189308600.0,48.24991643188457,0.0,-0.5,-0.025484447759318463,0.012742223879659231,2.164632938392154
2024-12-10,135.0700073,0.0,141.8200073,133.7899933,139.0099945,0.0,210020900.0,32.90278027992392,0.0,-0.5,-0.026943234382708625,0.013471617191354313,2.1937940446979693
2024-12-11,139.3099976,0.0,140.1699982,135.2100067,137.3600006,0.0,184905200.0,41.3572358088491,0.0,-0.5,0.0313910570137359,-0.01569552850686795,2.1593612877312154
2024-12-12,137.3399963,0.0,138.4400024,135.8000031,137.0800018,0.0,159211400.0,38.111889546649074,0.0,-0.5,-0.014141133687019747,0.007070566843509873,2.1746291960554065
2024-12-13,134.25,0.0,139.6000061,132.5399933,138.9400024,0.0,231514900.0,39.765135817325024,0.0,-0.5,-0.022498881485698674,0.011249440742849337,2.199092558334102
2024-12-16,132.0,0.0,134.3999939,130.4199982,134.1799927,0.0,237951100.0,44.082713799309,0.0,-0.5,-0.016759776536312887,0.008379888268156443,2.217520708264276
2024-12-17,130.3899994,0.0,131.5899963,126.8600006,129.0899963,0.0,259410300.0,40.57699832821607,0.0,-0.5,-0.012196974242424274,0.006098487121212137,2.231044229744647
2024-12-18,128.9100037,0.0,136.6999969,128.2799988,133.8600006,0.0,277444500.0,40.694496716377486,0.0,-0.5,-0.011350530767775924,0.005675265383887962,2.24370599783164
2024-12-19,130.6799927,0.0,134.0299988,129.5500031,131.7599945,0.0,209719200.0,38.66816583632039,0.0,-0.5,0.013730423932956537,-0.0068652119664782685,2.228302480566067
2024-12-20,134.6999969,0.0,135.2799988,128.2200012,129.8099976,0.0,306528600.0,44.70201875654835,0.0,-0.5,0.03076220098380822,-0.01538110049190411,2.1940287361861213
2024-12-23,139.6699982,0.0,139.7899933,135.1199951,136.2799988,0.0,176053500.0,49.28068591805071,0.0,-0.5,0.036896818221084926,-0.018448409110542463,2.153552396460673
2024-12-24,140.2200012,0.0,141.8999939,138.6499939,140.0,0.0,105157000.0,43.18244026148457,0.0,-0.5,0.0039378750417997654,-0.0019689375208998827,2.1493121863440576
2024-12-26,139.9299927,0.0,140.8500061,137.7299957,139.6999969,0.0,116205600.0,42.920221277511104,0.0,-0.5,-0.0020682391778499287,0.0010341195889249644,2.151534832178671
2024-12-27,137.0099945,0.0,139.0200043,134.7100067,138.5500031,0.0,170582600.0,42.56773836047328,0.0,-0.5,-0.020867564870529764,0.010433782435264882,2.1739834785195176
2024-12-30,137.4900055,0.0,140.2700043,134.0200043,134.8300018,0.0,167734700.0,48.02277934593754,0.0,-0.5,0.0035034743396036294,-0.0017517371698018147,2.1701752308536597
2024-12-31,134.2899933,0.0,138.0700073,133.8300018,138.0299988,0.0,155659200.0,48.81240297526762,0.0,-0.5,-0.023274507760493224,0.011637253880246612,2.1954301109797263
2025-01-02,138.3099976,0.0,138.8800049,134.6300049,136.0,0.0,198247200.0,48.46719923886712,0.0,-0.5,0.02993524834735406,-0.01496762417367703,2.1625697381790077
2025-01-03,144.4700012,0.0,144.8999939,139.7299957,140.0099945,0.0,229322500.0,59.68486755524687,0.0,-0.5,0.044537659655053075,-0.022268829827526537,2.114411840689341
2025-01-06,149.4299927,0.0,152.1600037,147.8200073,148.5899963,0.0,265377400.0,69.62252279271593,0.0,-0.5,0.03433232822593757,-0.017166164112968785,2.0781155000296634
2025-01-07,140.1399994,0.0,153.1300049,140.0099945,153.0299988,0.0,351782200.0,58.90200839730094,0.0,-0.5,-0.06216953592878027,0.031084767964390136,2.142713238151288
2025-01-08,140.1100006,0.0,143.9499969,137.5599976,142.5800018,0.0,227349900.0,61.010419102004235,0.0,-0.5,-0.00021406308069371605,0.00010703154034685802,2.142942576049689
2025-01-10,135.9100037,0.0,139.9199982,134.2200012,137.4499969,0.0,207602500.0,57.46905424473935,0.0,-0.5,-0.029976424823454084,0.014988212411727042,2.1750614545656553
2025-01-13,133.2299957,0.0,133.4900055,129.5099945,129.9900055,0.0,204808900.0,52.669040340038904,0.0,-0.5,-0.019718989971597045,0.009859494985798523,2.196506462070749
2025-01-14,131.7599945,0.0,136.3800049,130.0500031,136.0500031,0.0,195590500.0,46.74922563708925,0.0,-0.5,-0.011033560365115158,0.005516780182557579,2.2086241053915607
2025-01-15,136.2400055,0.0,136.4499969,131.2899933,133.6499939,0.0,185217300.0,46.16589590991922,0.0,-0.5,0.03400129923350903,-0.017000649616754515,2.1710760608406807
2025-01-16,133.5700073,0.0,138.75,133.4900055,138.6399994,0.0,209235600.0,42.90289360520255,0.0,-0.5,-0.019597754640431342,0.009798877320215671,2.1923501688137152
